Name,System,Developer,Publisher,Genre,Rating,Column 1,Column 2
1942,FBNEO,Capcom,Capcom,"Shoot'em Up / Vertical, Shoot'em Up",0.6,,
007: Everything or Nothing,GAMECUBE,Electronic Arts,Electronic Arts,Shooter / TPV,0.85,,
1000 Miglia: Great 1000 Miles Rally,FBNEO,Kaneko,Kaneko,"Race, Driving, Race, Driving / Race",0.4,,
1080 TenEighty Snowboarding,N64,Nintendo,Nintendo,"Sports, Sports / Skiing",0.8,,
1080° Avalanche,GAMECUBE,NST,Nintendo,Sports / Skiing,0.8,,
1943 Kai,PCENGINE,Capcom,Naxat Soft,"Shoot'em Up, Shoot'em Up / Vertical",0.6,,
1943: The Battle of Midway,FBNEO,Capcom,Capcom,"Shoot'em Up / Vertical, Shoot'em Up",0.6,,
1944 : The Loop Master,FBNEO,8Ing/Raizing,Capcom,"Shoot'em Up / Vertical, Shoot'em Up",0.8,,
19XX : The War Against Destiny,FBNEO,Capcom,Capcom,"Shoot'em Up / Vertical, Shoot'em Up",0.6,,
2 On 2 Open Ice Challenge,FBNEO,Midway,Midway,"Sports, Sports / Hockey",0.6,,
2010 - The Graphic Action Game,COLECOVISION,Coleco,Coleco,Strategy,0.55,,
2020 Super Baseball,FBNEO,Pallas,SNK,"Sports / Baseball, Sports",0.6,,
2020 Super Baseball,NEOGEO,Pallas,SNK,"Sports / Baseball, Sports",0.6,,
21 Emon - Mezase Hotel Ou!!,PCENGINE,NEC,NEC,Board game,0.85,,
3 Count Bout,NEOGEO,SNK,SNK,Sports / Wrestling,0.6,,
3D Tetris,VIRTUALBOY,T&E Soft,Nintendo,Puzzle-Game,0.6,,
64th. Street - A Detective Story,FBNEO,C.P. Brain,Jaleco,Fight / 2.5D,0.5,,
88 Games,FBNEO,Konami,Konami,Sports / Running trails,0.6,,
Activision Anthology,GBA,Aspyr,Aspyr,Compilation,0.75,,
ActRaiser,SNES,Quintet,Enix,Platform / Build And Management,0.8,,
Advance Wars,GBA,Intelligent Games,Nintendo,Strategy,0.8,,
Aero Fighters 2,FBNEO,Video System,SNK,"Shoot'em Up / Vertical, Shoot'em Up",0.6,,
Aero Fighters 2,NEOGEO,Video System,SNK,Shoot'em up / Vertical,0.75,,
Aero Fighters 3,NEOGEO,Video System,SNK,Shoot'em up / Vertical,0.75,,
AeroWings,DREAMCAST,CRI,Crave Entertainment,"Simulation, Shooter / Plane, Simulation / Vehicle, Shooter",0.6,,
AeroWings 2 : Airstrike,DREAMCAST,CRI,Crave Entertainment,"Simulation, Shooter / Plane, Simulation / Vehicle, Shooter",0.6,,
After Burner,SEGA32X,Rutubo Games,SEGA,"Shooter / Plane, 3rd person",0.7,,
After Burner II,PCENGINE,SEGA,NEC,"Shooter, Shooter / Plane, 3Rd Person",0.6,,
Age of Heroes - Silkroad 2,FBNEO,Unico,Unico,Fight / 2.5D,0.7,,
Aggressors of Dark Kombat,NEOGEO,ADK,SNK,Fight / Versus,0.6,,
Air Buster: Trouble Specialty Raid Unit,FBNEO,Kaneko,Namco,Shoot'em up / Horizontal,0.6,,
Air Cars,JAGUAR,Midnite Entertainment Group,ICD,"Race, Driving",0.3,,
Air Gallet,FBNEO,Gazelle,Banpresto,Shoot'em up / Vertical,0.7,,
Air Zonk,PCENGINE,Hudson,Hudson,"Shoot'em Up, Shoot'em Up / Horizontal",0.8,,
Airforce Delta,DREAMCAST,Konami Computer Entertainment Yokohama,Konami,"Simulation, Shoot'em Up",0.6,,
Aladdin,MASTERSYSTEM,Disney Software,SEGA,Platform,0.6,,
Aladdin,MEGADRIVE,Virgin,SEGA,"Platform, Action",0.8,,
Aladdin,SNES,Capcom,Capcom,Platform,0.8,,
Alcatraz Harry,ZXSPECTRUM,"Scorpio Gamesworld Ltd, Barry Jones",Mastertronic,Action,,,
Alcazar: The Forgotten Fortress,COLECOVISION,Activision,Activision,Adventure,,,
Alex Kidd in Miracle World,MASTERSYSTEM,SEGA,SEGA,"Platform, Platform / Run Jump",0.8,,
Alex Kidd in Shinobi World,MASTERSYSTEM,SEGA,SEGA,Platform,0.6,,
Alex Kidd: The Lost Stars,FBNEO,SEGA,SEGA,Platform / Run Jump Scrolling,0.7,,
Alien Crush,PCENGINE,Compile,NEC,Pinball,0.6,,
Alien Hominid,PS2,The Behemoth,Zoo Digital Publishing,Shoot'em Up,0.8,,
Alien Storm,FBNEO,SEGA,SEGA,"Platform, Platform / Shooter Scrolling, Beat'em Up",0.4,,
Alien Syndrome,FBNEO,SEGA,SEGA,"Action / Labyrinth, Action, Shooter, Shooter / Run And Gun",0.4,,
Alien Syndrome,ZXSPECTRUM,SEGA,ACE Software,Shooter,0.95,,
Alien Trilogy,SATURN,Acclaim,Acclaim,Shooter / 1st person,0.8,,
Alien vs. Predator,FBNEO,Capcom,Capcom,Beat'em Up,0.8,,
Aliens,FBNEO,Konami,Konami,Beat'em Up,0.4,,
Aliens Versus Predator,JAGUAR,Rebellion,Atari,"Shooter / 1St Person, Shooter",0.6,,
All-Star Baseball 2000,N64,Iguana Entertainment,Acclaim,"Sports, Sports / Baseball",0.6,,
Alone in the Dark - The New Nightmare,DREAMCAST,,,,,,
Alpha Mission II,FBNEO,SNK,SNK,"Shoot'em Up / Vertical, Shoot'em Up",0.6,,
Alpha Mission II,NEOGEO,SNK,SNK,"Shoot'em Up / Vertical, Shoot'em Up",0.6,,
Alphabet Zoo,COLECOVISION,Spinnaker Software,Spinnaker Software,Educational,,,
Alpine Games,ZXSPECTRUM,Barry Jones,Atlantis Software,Sports,,,
Alpine Ski,FBNEO,Pacific Kougyou,Taito,Sports / Skiing,0.5,,
Altered Beast,FBNEO,SEGA,SEGA,"Platform, Platform / Fighter Scrolling, Beat'em Up",0.4,,
Amazing Bumpman,COLECOVISION,VSS,Telegames,Action,,,
Amplitude,PS2,Harmonix Music Systems,Sony Computer Entertainment,Music and Dancing,0.8,,
Andre' Panza Kick Boxing,PCENGINE,Futura,NEC,"Fight, Action, Sports, Sports / Boxing",0.6,,
Andro Dunos,FBNEO,Visco,SNK,Shoot'em up / Horizontal,0.7,,
Andro Dunos,NEOGEO,Visco,SNK,Shoot'em up / Horizontal,0.7,,
Android Assault : The Revenge of Bari-Arm,SEGACD,Human,Human,Shoot'em up / Horizontal,0.75,,
Andy Capp,ZXSPECTRUM,Blitter Animations,Mirrorsoft Ltd.,Adventure,0.8,,
Animal Crossing,GAMECUBE,Nintendo EAD,Nintendo,Simulation,0.75,,
Ant Attack,ZXSPECTRUM,Quicksilva,Quicksilva,Action,0.85,,
Antarctic Adventure,COLECOVISION,Konami,Coleco,Action,0.65,,
Anteater,FBNEO,Tago Electronics,Tago Electronics,Action / Labyrinth,0.7,,
Ape Escape (USA),PSX,Sony Computer Entertainment,Sony Computer Entertainment,Platform,0.8,,
Aquattack,COLECOVISION,Interphase Technologies,Interphase Technologies,Action,,,
Arabian,FBNEO,Atari,Atari,Platform / Run Jump,0.6,,
Arabian Fight,FBNEO,SEGA,SEGA,Fight / 2.5D,0.4,,
Arcade Classics : Battlezone & Super Breakout,GB,Solid Software,Black Pearl Software,Compilation,0.55,,
Arcade Hits : Joust & Defender,GBC,Digital Eclipse,Midway,Compilation,0.65,,
Arcade Smash Hits,MASTERSYSTEM,Climax,Virgin Games,Compilation,0.6,,
Area 51,SATURN,Mesa Logic,GT Interactive,Action,0.5,,
Arkanoid,ZXSPECTRUM,Taito,Imagine,Action,0.75,,
Arkanoid - Revenge of Doh,ZXSPECTRUM,Taito,Imagine Software,Action,0.8,,
Armed Police Batrider,FBNEO,Raizing,Raizing,"Shoot'em Up / Vertical, Shoot'em Up",0.6,,
Armored Warriors,FBNEO,Capcom,Capcom,Beat'em Up,0.6,,
Army Men : Air Combat,N64,3DO,3DO,"Strategy, Shoot'em Up, Shooter / Plane, Shooter",0.4,,
Army Men : Operation Green,GBA,Pocket,3DO,Shooter,0.85,,
Army Men : Sarge's Heroes,N64,3DO,3DO,"Shoot'em Up, Shooter / Run And Gun, Shooter",0.6,,
Army Moves,ZXSPECTRUM,Dinamic Software,Dinamic Software,"Shooter / Vehicle, Horizontal",0.6,,
Art of Fighting,NEOGEO,SNK,SNK,"Fight, Fight / Versus",0.6,,
Art of Fighting 2,NEOGEO,SNK,SNK,"Fight, Fight / Versus",0.6,,
Art of Fighting 3 : The Path of the Warrior,FBNEO,SNK,SNK,Fight / Versus,0.65,,
Art of Fighting 3 : The Path of the Warrior,NEOGEO,SNK,SNK,Fight / Versus,0.65,,
Artillery Duel,COLECOVISION,Xonox,Xonox,Strategy,0.65,,
Astérix,MASTERSYSTEM,SEGA,SEGA,Platform,0.8,,
Astérix and the Secret Mission,MASTERSYSTEM,SEGA,SEGA,Platform,0.6,,
Asteroids Deluxe,FBNEO,Dave Shepperd,Atari,Shooter,0.8,,
Astra SuperStars,SEGASTV,Sunsoft,Sunsoft,Fight / Versus,0.75,,
Astro Warrior,MASTERSYSTEM,SEGA,SEGA,"Shoot'em Up, Shoot'em Up / Vertical",0.4,,
Astroball,ZXSPECTRUM,Revelation Software,Digital Reality,Platform,0.7,,
Asura Buster - Eternal Warriors,FBNEO,Fuuki,Fuuki,Fight / Versus,0.8,,
Atari Karts,JAGUAR,Miracle Designs,Atari,"Race, Driving",0.6,,
Athena,FBNEO,SNK,SNK,Platform / Fighter Scrolling,0.3,,
Athena,ZXSPECTRUM,SNK,Imagine Software,Action,,,
Atlantis: The Lost Empire,GBA,THQ,THQ,Platform,0.75,,
Atomic Robo-Kid Special,PCENGINE,UPL,UPL,"Shoot'em Up / Horizontal, Shoot'em Up",0.6,,
Attack of the Mutant Penguins,JAGUAR,Sunrise Software,Atari,Puzzle-Game,0.8,,
Auf Wiedersehen Monty,ZXSPECTRUM,Gremlin Interactive,Gremlin Graphics Software,Action,0.75,,
Avenger,ZXSPECTRUM,Gremlin Interactive,Gremlin Interactive,Adventure,,,
Avengers,FBNEO,Capcom,Capcom,"Fight, Fight / Vertical",0.6,,
Avenging Spirit,FBNEO,Jaleco,Jaleco,Platform / Fighter Scrolling,0.5,,
Axelay,SNES,Konami,Konami,Action,0.75,,
Aztec Adventure : The Golden Road to Paradise,MASTERSYSTEM,SEGA,SEGA,"Puzzle-Game, Strategy",0.6,,
B.C. II: Grog's Revenge,COLECOVISION,Sydney Development,Sierra On-Line,Action,,,
B.Rap Boys,FBNEO,Kaneko,Kaneko,Fight / 2.5D,0.3,,
Back Street Soccer,FBNEO,SunA,SunA,Sports / Soccer,0.5,,
Back to Skool,ZXSPECTRUM,Microsphere Computer Services Ltd.,Serma Software,Adventure,0.9,,
Bad Dudes vs. Dragonninja,FBNEO,Data East,Data East,Platform / Fighter Scrolling,0.5,,
Bagman,FBNEO,Valadon Automation,Valadon Automation,Platform / Run Jump,0.8,,
Baku Baku Animal,SEGASTV,SEGA,SEGA,Puzzle-Game / Fall,0.5,,
Baldur's Gate : Dark Alliance,GBA,Magic Pockets,Ubisoft,Role playing games,0.75,,
Ball Breaker,ZXSPECTRUM,"The Zen Room (Richard M. Taylor, Jon Law, Jay Derrett, Jared Derrett)",CRL Group,Action,,,
Ballistic: Ecks Vs. Sever,GBA,Crawfish Interactive,Bam Entertainment,Shooter / 1st person,0.9,,
Bang Bang Ball,FBNEO,Goodhouse,Banpresto,Puzzle-Game / Throw,0.5,,
Bang Bead,FBNEO,Visco,SNK,Sports,0.7,,
Bang Bead,NEOGEO,Visco,SNK,Sports,0.7,,
Bangai-O,DREAMCAST,Treasure,Entertainment Software Publishing,Shoot'em Up,0.8,,
Banjo-Kazooie,N64,Rareware,Nintendo,"Action, Action / Adventure, Platform",0.8,,
Banjo-Kazooie: Grunty's Revenge,GBA,Rareware,THQ,Platform,0.8,,
Banjo-Tooie,N64,Rareware,Nintendo,"Platform, Action / Adventure, Action",0.8,,
Barbarian,ZXSPECTRUM,Psygnosis,Melbourne House,Action,0.5,,
Barbarian II - The Dungeon of Drax,ZXSPECTRUM,M. C. Lothlorien,Palace,Action,,,
Bari Bari Densetsu,PCENGINE,Taito,Taito,"Race, Driving",0.8,,
Baseball Stars 2,FBNEO,SNK,SNK,"Sports, Sports / Baseball",0.6,,
Baseball Stars 2,NEOGEO,SNK,SNK,"Sports, Sports / Baseball",0.6,,
Baseball Stars Professional,NEOGEO,SNK,SNK,Sports / Baseball,0.7,,
Bases Loaded,GB,TOSE,Jaleco,"Sports, Sports / Baseball",0.6,,
Batman : Rise of Sin Tzu,GBA,Ubisoft,Ubisoft,Platform / Fighter Scrolling,0.3,,
Batman Forever,SEGASTV,Acclaim,Acclaim,Beat'em Up,0.7,,
Batman Returns,SNES,Konami,Konami,Beat'em Up,0.85,,
Batsugun Special Version,FBNEO,Toaplan,Toaplan,Shoot'em up / Vertical,,,
Battle Bakraid: Unlimited Version,FBNEO,Eighting,Eighting,"Shoot'em Up / Vertical, Shoot'em Up",0.4,,
Battle Balls,FBNEO,Seibu Kaihatsu,Seibu Kaihatsu,Puzzle-Game / Fall,0.7,,
Battle Chopper,FBNEO,Irem,Irem,Shooter / Plane,0.5,,
Battle Circuit,FBNEO,Capcom,Capcom,Beat'em Up,0.6,,
Battle Flip Shot,FBNEO,Visco,SNK,Sports,0.6,,
Battle Flip Shot,NEOGEO,Visco,SNK,Sports,0.6,,
Battle Garegga,FBNEO,Raizing,Raizing,"Shoot'em Up / Vertical, Shoot'em Up",0.8,,
Battle Lode Runner,PCENGINE,Brøderbund Software,Brøderbund Software,"Action, Puzzle-Game",0.6,,
Battle Sphere Gold,JAGUAR,ScatoLogic,ScatoLogic,Shoot'em Up,0.7,,
Battletoads,FBNEO,Rareware,Electronic Arts,"Fight, Fight / 2.5D, Beat'em Up",0.8,,
Battletoads & Double Dragon,MEGADRIVE,Rareware,Tradewest,Beat'em Up,0.8,,
Battletoads & Double Dragon,NES,Rareware,Nintendo,Beat'em Up,0.6,,
Batty,ZXSPECTRUM,Elite Systems,Dennis Publishing,Action,,,
Bay Route,FBNEO,Sunsoft,SEGA,Platform / Shooter Scrolling,0.4,,
BC Racers,SEGA32X,Core Design,Front Street Publishing,"Race, Driving",0.55,,
BC's Quest for Tires,COLECOVISION,Sydney Development,Sierra On-Line,Action,0.95,,
Beamrider,COLECOVISION,Activision,Activision,Action,0.75,,
Beetle Adventure Racing!,N64,Paradigm Entertainment,Electronic Arts,"Race, Driving",0.8,,
Behind Closed Doors,ZXSPECTRUM,The Balrog (John Wilson),Zenobi Software,Adventure,,,
Bells & Whistles,FBNEO,Konami,Konami,Shoot'em up / Vertical,0.7,,
Berzerk,FBNEO,Stern Electronics,Stern Electronics,Action / Labyrinth,0.2,,
Beyond Good & Evil,GAMECUBE,Ubisoft,Ubisoft,Adventure / RealTime 3D,0.8,,
Beyond Oasis,MEGADRIVE,SEGA,SEGA,Role Playing Games,0.8,,
Big Karnak,FBNEO,Gaelco,Gaelco,Platform / Fighter Scrolling,0.5,,
Biomechanical Toy,FBNEO,Zeus Software,Gaelco,Platform / Shooter Scrolling,0.7,,
Bionic Commando,FBNEO,Capcom,Capcom,"Platform, Platform / Shooter Scrolling",0.4,,
Bionicle,GBA,Mobius Entertainment,THQ,Adventure,0.7,,
Black,PS2,Criterion Games,EA Games,Shooter / FPV,0.8,,
Black Belt,MASTERSYSTEM,SEGA,SEGA,Beat'em Up,0.4,,
Black Heart,FBNEO,UPL,UPL,Shoot'em up / Horizontal,0.5,,
Black Tiger,FBNEO,Capcom,Capcom,"Platform, Platform / Fighter Scrolling",0.8,,
Blackthorne,SEGA32X,Interplay,SEGA,Platform / Shooter Scrolling,0.7,,
Blackthorne,SNES,Blizzard Entertainment,Interplay,Platform / Shooter Scrolling,0.75,,
Blade Master,FBNEO,Irem,Irem,Beat'em Up,0.5,,
Blast Corps,N64,Rareware,Nintendo,"Race, Driving, Action, Puzzle-Game",0.6,,
Blaze On,FBNEO,A.I,Atlus,Shoot'em up / Horizontal,0.5,,
Blazing Lazers,PCENGINE,Compile,NEC,"Shoot'em Up, Shoot'em Up / Vertical",0.8,,
Blazing Star,FBNEO,Yumekobo,SNK,"Shoot'em Up / Horizontal, Shoot'em Up",0.8,,
Blazing Star,NEOGEO,Yumekobo,SNK,"Shoot'em Up / Horizontal, Shoot'em Up",0.8,,
Blender Bros.,GBA,Hudson,Infogrames,Platform,0.8,,
Blinky's Scary School,ZXSPECTRUM,Zeppelin Games,Zeppelin Games,Action,0.2,,
Blizzard Pass,ZXSPECTRUM,Adventure Soft,Adventure Soft,Action,0.8,,
Block Hole,FBNEO,Konami,Konami,Various,0.5,,
Block Out,FBNEO,Technos Japan,Technos Japan,Puzzle-Game / Fall,0.7,,
Blockade Runner,COLECOVISION,Interphase Technologies,Interphase Technologies,Action,0.4,,
Blockout,MEGADRIVE,California Dreams,Electronic Arts,Puzzle-Game,0.4,,
Blood Omen : Legacy of Kain (USA),PSX,Crystal Dynamics,Eidos Interactive,"Action Rpg, Role Playing Game",0.8,,
Blood Warrior,FBNEO,Kaneko,Kaneko,Fight / Versus,0.5,,
Bloody Roar (USA),PSX,Hudson,Hudson,Fighting,0.8,,
Blue's Journey,FBNEO,ADK,SNK,Platform / Fighter Scrolling,0.5,,
Blue's Journey,NEOGEO,ADK,SNK,Platform / Fighter Scrolling,0.5,,
BMX Kidz,ZXSPECTRUM,Firebird,Firebird,Sports,,,
BMX Racers,ZXSPECTRUM,,Mastertronic,Action,,,
Bo Jackson : Two Games in One,GB,Equilibrium,THQ,Sports,0.55,,
Bobby Bearing,ZXSPECTRUM,"Robert Figgins, Trevor Figgins",The Edge Software,Action,,,
Bobsleigh,ZXSPECTRUM,Richard Hughes,Digital Integration,Sports,,,
Boggle Plus,GB,Sculptured Software,Parker Brothers,Board game,0.6,,
Bomb Jack,FBNEO,Tehkan,Tehkan,Platform / Run Jump,0.8,,
Bomb Jack,GB,Tehkan,Infogrames,Platform / Run Jump,0.6,,
Bomb Jack,ZXSPECTRUM,Tehkan Ltd.,Elite Systems,Action,0.8,,
Bomb Jack II,ZXSPECTRUM,Elite Systems,Elite Systems,Action,0.5,,
Bomberman,PCENGINE,Hudson,Turbo Technologies,Action / Labyrinth,0.8,,
Bomberman '93,PCENGINE,NEC,Hudson,Action / Labyrinth,0.85,,
Bomberman '94,PCENGINE,Hudson,Hudson,Action / Labyrinth,0.8,,
Bomberman 64,N64,Hudson,Nintendo,"Action / Adventure, Platform, Action",0.6,,
Bonanza Bros.,FBNEO,SEGA,SEGA,Platform / Shooter Scrolling,0.7,,
Bonk III : Bonk's Big Adventure,PCENGINE,Hudson,Turbo Technologies,Platform,0.75,,
Bonk's Adventure,GB,Red Company,Hudson,Platform,0.6,,
Bonk's Adventure,PCENGINE,Atlus,Hudson,Platform,0.8,,
Bonk's Adventure - Arcade Version,FBNEO,Red Company,Kaneko,Platform / Run Jump Scrolling,0.6,,
Bonk's Revenge,PCENGINE,Red Company,NEC,Platform,0.8,,
Boogie Wings,FBNEO,Data East,Data East,"Shooter, Shooter / Horizontal, Shoot'em Up / Horizontal, Shoot'em Up",0.8,,
Bookworm,GBA,PopCap Games,Majesco,Puzzle-Game,0.65,,
Bouken Danshaku Don - The Lost Sunheart,PCENGINE,Manjyudo,I'Max,Shoot'em up / Horizontal,0.8,,
Boulder Dash,COLECOVISION,First Star Software,Micro Fun,Puzzle-Game,0.6,,
Boulder Dash,ZXSPECTRUM,First Star Software,K-Tel Software,Action,0.7,,
Boulder Dash II - Rockford's Riot,ZXSPECTRUM,First Star Software,Prism Leisure Corporation Plc,Action,1,,
Boulder Dash III,ZXSPECTRUM,First Star Software,Prism Leisure Corporation Plc,Action,,,
Bound High!,VIRTUALBOY,Japan System Supply,Nintendo,Various,0.6,,
Bounty Bob Strikes Back,ZXSPECTRUM,Big Five Software,Big Five Software,Action,0.7,,
Brain Strainers,COLECOVISION,Carousel Software,Coleco,Music and Dance,0.7,,
BraveStarr,ZXSPECTRUM,Probe Software Ltd.,Go!,Action,,,
Break Time : The National Pool Tour,NES,Opera House,FCI,"Sports, Sports / Pool",0.4,,
Breakers Revenge,FBNEO,Visco,SNK,Fight / Versus,0.75,,
Breakers Revenge,NEOGEO,Visco,SNK,Fight / Versus,0.75,,
Breath of Fire,GBA,Capcom,Capcom,Role Playing Games,0.6,,
Breath of Fire,SNES,Capcom,Squaresoft,Role playing games,0.7,,
Breath of Fire II,SNES,Capcom,Capcom,Role playing games,0.8,,
Breath of Fire III (USA),PSX,Capcom,Infogrames,Role Playing Game,0.8,,
Breath of Fire IV (USA),PSX,Capcom,Capcom,Role Playing Game,0.8,,
Bruce Lee : Return of the Legend,GBA,Vicarious Vision,Universal Interactive,Platform,0.8,,
Brutal Sports Football,JAGUAR,Teque,Telegames,Sports / Football,0.65,,
Brutal Unleashed : Above the Claw,SEGA32X,GameTek,GameTek,Fight,0.5,,
Bubble and Squeak,MEGADRIVE,Fox Williams,Audiogenic Software,Action,0.7,,
Bubble Bobble,FBNEO,Taito,Taito,"Platform, Platform / Run Jump",0.8,,
Bubble Bobble,MASTERSYSTEM,Taito,SEGA,Platform,0.8,,
Bubble Bobble,NES,Taito,Taito,Platform,0.8,,
Bubble Bobble,ZXSPECTRUM,Taito,Firebird,Action,0.75,,
Bubble Bobble also featuring Rainbow Islands,SATURN,Probe Software,Acclaim,"Compilation, Action",0.8,,
Bubble Bobble Part 2,GB,Taito,Taito,Platform,0.7,,
Bubble Memories: The Story of Bubble Bobble III,FBNEO,Taito,Taito,Platform / Run Jump,0.7,,
Bubble Symphony,FBNEO,Taito,Taito,Platform / Run Jump,0.8,,
Bubbles,FBNEO,Williams,Williams,Action / Labyrinth,0.7,,
Bubsy in Fractured Furry Tales,JAGUAR,Imagitec Design,Atari,Platform,0.4,,
Buck Rogers: Planet of Zoom,COLECOVISION,SEGA,"Coleco Industries, Inc.",Action,0.4,,
Buck Rogers: Planet of Zoom,FBNEO,SEGA,SEGA,"Shooter / Plane, 3rd person",0.5,,
Bucky O'Hare,FBNEO,Konami,Tatsumi,"Shooter / Run And Gun, Shooter",0.6,,
Buffy the Vampire Slayer : Wrath of the Darkhul King,GBA,Natsume,THQ,Platform,0.6,,
Buggy Boy,ZXSPECTRUM,Maz H. Spork,Elite Systems,"Race, Driving",0.7,,
Bull Fight - Ring No Haja,PCENGINE,Cream,Cream,Sports / Boxing,0.7,,
Bulls versus Blazers and the NBA Playoffs,MEGADRIVE,EA Sports,Electronic Arts,"Sports, Sports / Basketball",0.6,,
Bump 'n' Jump,COLECOVISION,Data East,Coleco,"Race, Driving",,,
Burger Time,FBNEO,Data East,Data East,Platform / Run Jump,0.9,,
Burgertime,COLECOVISION,Data East,Coleco,Action,0.85,,
Burning Fight,FBNEO,SNK,SNK,Beat'em Up,0.7,,
Burning Fight,NEOGEO,SNK,SNK,Beat'em Up,0.7,,
Burnout 2 : Point of Impact,GAMECUBE,Criterion Games,Acclaim,"Racing, Driving",0.9,,
Burnout 3 : Takedown,PS2,Criterion Games,Electronic Arts,"Racing, Driving",0.9,,
Burnout Revenge,PS2,Criterion Games,Electronic Arts,"Racing, Driving",0.85,,
Bushido Blade (USA),PSX,Light Weight,Squaresoft,Fighting,0.6,,
Bushido Blade 2 (USA),PSX,Light Weight,Squaresoft,Fighting,0.6,,
Bust-A-Move,SNES,Taito,Taito,Puzzle-Game,0.8,,
Bust-A-Move '99,N64,Distinctive Developments,Acclaim,"Puzzle-Game, Strategy",0.6,,
Bust-A-Move 2 : Arcade Edition,N64,Probe Entertainment,Acclaim,"Puzzle-Game, Action",0.6,,
Bust-A-Move 2 : Arcade Edition,SATURN,Taito,Acclaim,Puzzle-Game / Throw,0.8,,
Bust-A-Move 3,SATURN,Taito,Acclaim,Puzzle-Game / Throw,0.8,,
Bust-A-Move 4,DREAMCAST,Taito,Club Acclaim,Puzzle-Game,0.6,,
Bust-A-Move Again,FBNEO,Taito,Taito,"Puzzle-Game, Puzzle-Game / Throw",0.6,,
Buster Bros.,GB,Ocean,Hudson,Action,0.4,,
Cabal,FBNEO,Tad Corporation,Tad Corporation,"Shooter, Shooter / 3Rd Person",0.6,,
Cabbage Patch Kids - Adventures in the Park,COLECOVISION,Konami,Coleco,Platform,0.8,,
Cabbage Patch Kids Picture Show,COLECOVISION,Coleco,Coleco,Various / Print Club,,,
Cadash,FBNEO,Taito,Taito,"Platform, Platform / Fighter Scrolling",0.6,,
Cadash,PCENGINE,Taito,Working Designs,Role playing games,0.7,,
Cadillacs and Dinosaurs,FBNEO,Capcom,Capcom,Beat'em Up,0.6,,
Caliber 50,FBNEO,Athena,Athena,"Shooter, Shooter / Run And Gun",0.6,,
Campaign '84,COLECOVISION,Sunrise Software,Sunrise Software,Simulation,,,
Cannon Fodder,JAGUAR,The Dome Software Developments,Virgin Interactive,Strategy,0.8,,
Cannon Spike,DREAMCAST,Psikyo,Bigben Interactive,"Action, Shooter",0.8,,
Cannonball,CANNONBALL,Chris White,Chris White,Racing,0.9,,
Capcom Sports Club,FBNEO,Capcom,Capcom,Sports / Multisports,0.7,,
Capcom vs. SNK,DREAMCAST,Capcom,Virgin,Fight,0.8,,
Capcom vs. SNK 2 : Millionaire Fighting 2001,DREAMCAST,Capcom,Capcom,"Fight / Versus, Fight",0.8,,
Capcom vs. SNK 2 EO : Millionaire Fighting 2001,GAMECUBE,Capcom,Capcom,Fighting,0.75,,
Captain America And The Avengers,FBNEO,Data East,Data East,"Fight, Fight / 2.5D, Beat'em Up",0.6,,
Captain America and the Avengers,GB,Data East,Mindscape,"Fight, Action, Beat'em Up",0.2,,
Captain Blood,ZXSPECTRUM,Ere Informatique,Infogrames,Adventure,0.65,,
Captain Commando,FBNEO,Capcom,Capcom,Beat'em Up,0.8,,
Captain Tomaday,NEOGEO,Visco,SNK,Shoot'em up / Vertical,0.6,,
Carl Lewis Athletics 2000,GBC,Planet Interactive,Ubisoft,Sports,,,
Carnival,COLECOVISION,SEGA,Coleco,Shooter / Space Invaders Like,0.8,,
Carnival,FBNEO,SEGA,SEGA,Shooter / Space Invaders Like,0.7,,
Carrier Air Wing,FBNEO,Capcom,Capcom,"Shoot'em Up / Horizontal, Shoot'em Up",0.8,,
Carrier Command,ZXSPECTRUM,Realtime Games Software,Rainbird Software,Strategy,0.4,,
Castelian,NES,Bits Studios,Storm,Platform,0.4,,
Castle of Illusion Starring Mickey Mouse,MASTERSYSTEM,SEGA,SEGA,Platform,0.6,,
Castle of Illusion Starring Mickey Mouse,MEGADRIVE,SEGA,SEGA,"Platform, Action, Platform / Run Jump Scrolling",0.6,,
Castle Quest,GB,Hudson,Hudson,Role playing games,0.65,,
Castlevania,NES,Konami,Konami,Adventure,0.8,,
Castlevania : Aria of Sorrow,GBA,Konami,Konami,"Action / Adventure, Action, Platform",0.8,,
Castlevania : Bloodlines,MEGADRIVE,Konami,Konami,Platform,0.8,,
Castlevania : Circle of the Moon,GBA,Konami,Konami,Adventure,0.8,,
Castlevania : Dracula X,SNES,Konami,Konami,Action,0.7,,
Castlevania : Harmony of Dissonance,GBA,Konami,Konami,Adventure,0.8,,
Castlevania : Symphony of the Night (USA),PSX,Konami,Konami,"Action, Action / Adventure, Platform",0.8,,
Castlevania Chronicles (USA),PSX,Konami,Konami,Platform,0.6,,
Castlevania III : Dracula's Curse,NES,Konami,Konami,"Action / Adventure, Action, Platform",0.8,,
Caveman Ninja,FBNEO,Data East,Data East,Platform / Shooter Scrolling,0.7,,
Centipede,COLECOVISION,Atari,Atari,"Shooter / Vehicle, 1St Person, Shooter, Shooter / Space Invaders Like",0.6,,
Centipede,FBNEO,Atari,Atari,Shooter / Space Invaders Like,0.7,,
Cerius,ZXSPECTRUM,"The Shaw Brothers, Graham D. Shaw, David A. Shaw, Adrian R. Shaw",Atlantis Software,Action,0,,
Chaos,ZXSPECTRUM,"Julian Gollop, Le Doux",Firebird,Strategy,0.8,,
Chaos Field,DREAMCAST,Milestone,Milestone,Shoot'em Up,0.6,,
Chase H.Q.,ZXSPECTRUM,Taito,Ocean,"Race, Driving",1,,
Chase H.Q. II - Special Criminal Investigations,ZXSPECTRUM,Taito,Ocean,"Race, Driving",,,
Checkered Flag,JAGUAR,Rebellion,Atari,"Race, Driving",0.4,,
Chibi-Robo! Plug into Adventure!,GAMECUBE,Skip,Nintendo,Adventure,0.85,,
China Gate,FBNEO,Technos Japan,Technos Japan,Fight,0.5,,
Choplifter,FBNEO,SEGA,SEGA,Shooter / Plane,0.8,,
Choplifter,MASTERSYSTEM,SEGA,SEGA,"Shoot'em Up / Horizontal, Shoot'em Up",0.8,,
Choplifter II : Rescue & Survive,GB,Beam Software,JVC,Shooter / Plane,0.65,,
Choplifter III,GB,Ocean,Beam Software,Shoot'em up / Horizontal,0.8,,
Choplifter!,COLECOVISION,Brøderbund Software,"Coleco Industries, Inc.","Action, Shooter / Plane, Shooter, Shoot'em Up / Horizontal, Shoot'em Up",0.4,,
Choro Q Hyper Racing 5,SEGASTV,,,,,,
Christmas NiGHTS into Dreams...,SATURN,Sonic Team,SEGA,Action,0.9,,
Chrono Cross (USA),PSX,Squaresoft,Squaresoft,Role Playing Game,0.8,,
Chrono Trigger,SNES,Square,Square,Role playing games,0.9,,
Chronos - A Tapestry of Time,ZXSPECTRUM,Radical Tubes,Mastertronic,Action,0.7,,
ChuChu Rocket!,DREAMCAST,Sonic Team,SEGA,"Puzzle-Game, Strategy",0.8,,
Chuck Norris Superkicks,COLECOVISION,Xonox,Xonox,Action,0.6,,
Chuck Rock,GB,Core Design,Sony Electronic Publishing,Platform,0.5,,
Chuckie Egg,ZXSPECTRUM,A&F Software,A&F Software,Action,0.7,,
Chuckie Egg 2,ZXSPECTRUM,A&F Software,A&F Software,Action,0.6,,
Chuka Taisen,FBNEO,Taito,Taito,Shoot'em up / Horizontal,0.5,,
CIMA : The Enemy,GBA,Neverland,Natsume,Role playing games,0.95,,
Circus Charlie,FBNEO,Konami,Konami,Platform / Run Jump,0.8,,
Clash-road,FBNEO,Wood Place,Wood Place,"Race, Driving / Motorcycle",0.5,,
Classic Concentration,NES,Softie,Gametek,Strategy,0.6,,
Classic Muncher,ZXSPECTRUM,Nick Jones,Bubblebus Software,Action,,,
Cloak & Dagger,FBNEO,,Atari,Shooter,0.4,,
Clockwork Knight : Pepperouchau's Adventure,SATURN,AM7,SEGA,Action,0.75,,
Clockwork Knight 2 : Pepperouchau's Adventure,SATURN,SEGA,SEGA,Action,0.8,,
Cloud Master,MASTERSYSTEM,Opera House,SEGA,"Shoot'em Up, Shoot'em Up / Horizontal",0.6,,
Club Drive,JAGUAR,Atari,Atari,"Race, Driving",0.25,,
Cobra,ZXSPECTRUM,Ocean,Ocean,Action,,,
Cobra-command,FBNEO,SEGA,Data East,Shoot'em up / Horizontal,0.4,,
Codename Mat,ZXSPECTRUM,Micromega,Micromega,Strategy,,,
Codename Mat II,ZXSPECTRUM,Derek Brewster,Domark,Shoot'em Up,,,
Colin McRae Rally (USA),PSX,Codemasters,Codemasters,"Sports, Race, Driving",0.6,,
Colin McRae Rally 2.0 (USA),PSX,Codemasters,Codemasters,"Race, Driving",0.6,,
College Football USA 96,MEGADRIVE,High Score Productions,EA Sports,"Sports, Sports / Football",0.4,,
College Football USA 97,MEGADRIVE,High Score Productions,EA Sports,"Sports, Sports / Football",0.4,,
College Slam,GB,Torus Games,Acclaim,Sports / Basketball,0.55,,
Columns,PCENGINE,Laser Soft,Telenet,Puzzle-Game / Fall,0.7,,
Columns '97,SEGASTV,SEGA,SEGA,Puzzle-Game / Fall,0.5,,
Columns Crown,GBA,Wow Entertainment,SEGA,Puzzle-Game / Fall,0.75,,
Combat School & Gryzor Preview,ZXSPECTRUM,"Mike Lamb, Andrew P. Deakin, Ivan Horn, David Whittaker, Jas C. Brooke",Ocean,Action,,,
Comix Zone,MEGADRIVE,SEGA,SEGA,"Beat'em Up, Action",0.8,,
Commando,FBNEO,Capcom,Data East,"Shooter, Shooter / Run And Gun",0.6,,
Confidential Mission,DREAMCAST,Hitmaker,SEGA,Lightgun Shooter,0.6,,
Congo Bongo,COLECOVISION,SEGA,"Coleco Industries, Inc.",Action,0.4,,
Congo Bongo,FBNEO,SEGA,SEGA,Platform / Run Jump,0.7,,
Congo's Caper,SNES,Data East,Data East,Action,0.7,,
Conker's Bad Fur Day,N64,Rareware,Rareware,"Action, Platform",0.8,,
Contact Sam Cruise,ZXSPECTRUM,Microsphere Computer Services Ltd.,Microsphere Computer Services Ltd.,Strategy,0.8,,
Continental Circus,ZXSPECTRUM,Taito,Virgin Mastertronic,"Race, Driving",,,
Contra,FBNEO,Konami,Konami,"Shooter / Run And Gun, Shooter",0.8,,
Contra,NES,Konami,Konami,"Shooter / Run And Gun, Shooter",0.8,,
Contra : Hard Corps,MEGADRIVE,Konami,Konami,"Shooter / Run And Gun, Shooter, Shoot'em Up, Shoot'em Up / Horizontal",0.8,,
Contra III : The Alien Wars,SNES,Konami,Konami,Shoot'em up / Horizontal,0.8,,
Coryoon - Child Of Dragon,PCENGINE,Naxat Soft,Naxat Soft,Shoot'em up / Horizontal,0.8,,
Cosmic Avenger,COLECOVISION,Gordon Martin & Associates,Coleco,Shoot'em up / Horizontal,0.7,,
Cosmic Carnage,SEGA32X,Givro,SEGA,Action,0.45,,
Cosmic Crisis,COLECOVISION,Bit,Bit,Platform,,,
Cosmo Gang the Video,FBNEO,Namco,Namco,"Shooter, Shooter / Space Invaders Like",0.8,,
Cotton 2,SEGASTV,Success,Success,Shoot'em up / Horizontal,0.7,,
Cotton Boomerang,SEGASTV,Success,Success,Shoot'em up / Horizontal,0.7,,
Cotton: Fantastic Night Dreams,FBNEO,SEGA,SEGA,Shoot'em up / Horizontal,0.7,,
Crack Down,FBNEO,SEGA,SEGA,Shooter / 3rd person,0.5,,
Crash Bandicoot : The Huge Adventure,GBA,Vicarious Vision,Universal Interactive,"Shooter, Platform",0.8,,
Crash Bandicoot : Warped (USA),PSX,Naughty Dog,Sony,Platform,0.8,,
Crash Bandicoot (USA),PSX,Naughty Dog,Sony Computer Entertainment,Platform,0.8,,
Crash Bandicoot 2 : Cortex Strikes Back (USA),PSX,Naughty Dog,Sony Computer Entertainment,Platform,0.8,,
Crash of the Titans,PSP,SuperVillain,Sierra,Action,0.8,,
Crash Team Racing (USA),PSX,Naughty Dog,Sony,"Race, Driving",0.8,,
Crazy Cars 2,ZXSPECTRUM,,Titus,,,,
Crazy Golf,ZXSPECTRUM,Mr. Micro Ltd.,Mr. Micro Ltd.,Strategy,,,
Crazy Taxi,DREAMCAST,SEGA,SEGA,"Race, Driving, Race 3Rd Pers. View",0.8,,
Crazy Taxi 2,DREAMCAST,Hitmaker,SEGA,"Race, Driving, Race 3Rd Pers. View",0.8,,
Crime Busters,ZXSPECTRUM,"IJK Software Ltd, Harry S. Price",Strobe,Platform,,,
Crime City,FBNEO,Taito,Taito,Platform / Shooter Scrolling,0.5,,
Crime Fighters,FBNEO,Konami,Konami,"Fight, Fight / 2.5D, Beat'em Up",0.4,,
Critter Crusher,SEGASTV,SEGA,SEGA,Various,0.5,,
Cross Pang,FBNEO,F2 System,F2 System,Various,0.5,,
Crossed Swords,NEOGEO,ADK,SNK,Adventure,0.6,,
Cruis'n USA,N64,Williams,Nintendo,"Race, Driving",0.6,,
Cruising on Broadway,ZXSPECTRUM,Jeff Naylor,Sunshine Books,Action,,,
Crystal Castles,ZXSPECTRUM,Atari,U.S. Gold,Action,,,
Crystalis,NES,SNK,SNK,Role Playing Games,0.8,,
"Cubix : Robots for Everyone, Clash 'N Bash",GBA,Human Soft,3DO,Beat'em Up,0.6,,
Cybattler,FBNEO,Jaleco,Jaleco,Shoot'em up / Vertical,0.5,,
Cyber Core,PCENGINE,Alfa System,NEC,"Shoot'em Up, Shoot'em Up / Vertical",0.6,,
Cyber Knight,PCENGINE,Compile,Tonkin House,Role playing games,0.65,,
Cyber-Lip,FBNEO,SNK,SNK,Shooter / Run and Gun,0.65,,
Cyber-Lip,NEOGEO,SNK,SNK,Shooter / Run and Gun,0.65,,
Cyberbots : Fullmetal Madness,FBNEO,Capcom,Capcom,Fight / Versus,0.75,,
Cybermorph,JAGUAR,Attention To Detail,Atari,Shooter,0.6,,
Cybernoid - The Fighting Machine,ZXSPECTRUM,Hewson,Hewson,Action,0.9,,
Cybernoid II - The Revenge,ZXSPECTRUM,Hewson,Hewson,Action,0.8,,
Cyclone,ZXSPECTRUM,Vortex Software,Vortex Software,Strategy,0.65,,
Cyraid,GB,SAS Sakata,NEXOFT Corporation,Puzzle-Game,0.6,,
Cyrus II,ZXSPECTRUM,Intelligent Software,Alligata Software,Board game,,,
Cyvern - The Dragon Weapons,FBNEO,Kaneko,Kaneko,"Shoot'em Up / Vertical, Shoot'em Up",0.8,,
Daffy Duck : The Marvin Missions,SNES,Sunsoft,Sunsoft,Platform,0.55,,
Daley Thompson's Olympic Challenge,ZXSPECTRUM,Ocean,Erbe Software,Sports,0.65,,
Daley Thompson's Supertest - Day 1,ZXSPECTRUM,Ocean,Ocean,Sports,,,
Dan Dare - Pilot of the Future,ZXSPECTRUM,Gang of Five,Virgin,Adventure,0.85,,
Dan Dare II - Mekon's Revenge,ZXSPECTRUM,Gang of Five,Virgin,Action,,,
Dan Dare III - The Escape,ZXSPECTRUM,Probe Software Ltd.,Virgin,Action,0.6,,
Dance Fantasy,COLECOVISION,Fisher-Price,Fisher-Price,Music and Dance,,,
Danchi de Hanafuda,SEGASTV,Tecmo,Altron,Asiatic board game / Hanafuda,0.7,,
Danchi de Quiz: Okusan Yontaku Desuyo!,SEGASTV,Altron,Altron,Quiz / Japanese,0.3,,
Dancing Fever Gold,SEGASTV,SEGA,SEGA,Music and Dance,,,
Daredevil,GBA,Griptonite Games,THQ,Beat'em Up,0.55,,
Darius,FBNEO,Taito,Taito,Shoot'em up / Horizontal,0.7,,
Darius Alpha,PCENGINE,Bits Laboratory,NEC,Shoot'em up / Horizontal,0.75,,
Darius Gaiden - Silver Hawk,FBNEO,Taito,Taito,Shoot'em up / Horizontal,0.7,,
Darius II,FBNEO,Taito,Taito,Shoot'em up / Horizontal,0.7,,
Darius Plus,PCENGINE,Bits Laboratory,NEC,"Shoot'em Up, Shoot'em Up / Horizontal",0.8,,
Dark Cloud,PS2,Level-5,Sony Computer Entertainment,Role Playing Game,0.85,,
Dark Cloud 2,PS2,Level-5,Sony Computer Entertainment,Role Playing Game,0.9,,
Dark Wizard,SEGACD,SEGA,SEGA,Strategy,0.9,,
Darkman,ZXSPECTRUM,Twilight,Ocean,Action,,,
Darkwing Duck,GB,Capcom,Capcom,Platform,0.6,,
Darxide,SEGA32X,Frontier Developments,SEGA,"Shooter / Vehicle, 3rd person",0.45,,
Dave Mirra Freestyle BMX 2,GBA,Full Fat,Acclaim,Sports / Cycling,0.65,,
Davis Cup Tennis,PCENGINE,Loriciels,NEC,Sports / Tennis,0.45,,
Daytona USA,DREAMCAST,Amusement Vision,Infogrames Interactive,"Race, Driving",0.6,,
Daytona USA : Championship Circuit Edition,SATURN,SEGA,SEGA,"Race, Driving",0.7,,
Daytona USA 2: Battle on the Edge,MODEL3,SEGA,SEGA,"Race, Driving / Race 3rd Pers. view",0.85,,
Daytona USA 2: Power Edition,MODEL3,SEGA,SEGA,"Race, Driving / Race 3rd Pers. view",0.85,,
Deactivators,ZXSPECTRUM,Tigress Marketing,Ariolasoft,,,,
Dead or Alive,PSX,Tecmo,Tecmo,Fighting / 3D,0.75,,
Dead or Alive 2,DREAMCAST,Tecmo,Acclaim,Fight,0.8,,
Death Crimson OX,DREAMCAST,Ecole,Sammy Studios,Lightgun Shooter,0.6,,
Death Wish 3,ZXSPECTRUM,Gremlin Interactive,Gremlin Graphics Software,Action,,,
Deathchase,ZXSPECTRUM,"Mervyn J. Estcourt, R.B.",Micromega,"Race, Driving / Race",0.75,,
Decathlete,SEGASTV,SEGA,SEGA,Sports / Multisports,0.8,,
Deep Duck Trouble Starring Donald Duck,MASTERSYSTEM,SEGA,SEGA,Platform,0.8,,
Deep Fighter,DREAMCAST,Criterion Games,Ubisoft,Simulation,0.8,,
Deer Hunter,GBC,Morning Star Multimedia,Vatical Entertainment,Hunting and Fishing / Hunting,,,
Defender,COLECOVISION,Williams,Atari,Shoot'em up / Horizontal,0.8,,
Defender,FBNEO,Williams,Williams,"Shoot'em Up / Horizontal, Shoot'em Up",0.8,,
Defender 2000,JAGUAR,Llamasoft,Atari,Shoot'em Up,0.9,,
Defender of the Crown,ZXSPECTRUM,"David Taletovics, Tamas Kaproncai, Norbert Dombi",The Cat,Strategy,,,
Deflektor,ZXSPECTRUM,Vortex Software,Gremlin Graphics Software,Strategy,,,
Demon Front,FBNEO,IGS,IGS,Shooter / Run and Gun,0.8,,
Demon's Crest,SNES,Capcom,Capcom,Action / Adventure,0.85,,
Demon's World,FBNEO,Toaplan,Toaplan,Platform / Shooter Scrolling,0.6,,
Denjin Makai,FBNEO,Winky Soft,Banpresto,Fight / 2.5D,0.6,,
Dennis the Menace,GB,Ocean,Ocean,Platform,0.5,,
Deroon Derodero,FBNEO,Tecmo,Tecmo,Puzzle-Game / Fall,0.7,,
Desert Commander,NES,Kemco,Kemco,Strategy,0.6,,
Desert Demolition Starring Road Runner and Wile E. Coyote,MEGADRIVE,BlueSky Software,SEGA,Platform,0.8,,
Desert War,FBNEO,Jaleco,Jaleco,Shoot'em up / Vertical,0.8,,
Destiny Mission,ZXSPECTRUM,,Williams Technology,Shooter,,,
Destructor,COLECOVISION,Coleco,Coleco,"Race, Driving",,,
Detana!! TwinBee,PCENGINE,Konami,Konami,"Shoot'em Up, Shoot'em Up / Vertical",0.6,,
Devil May Cry,PS2,Capcom,Capcom,Platform,0.9,,
Devil May Cry 2,PS2,Capcom,Capcom,Beat'em Up,0.7,,
Devil May Cry 3 : Dante's Awakening Special Edition,PS2,Capcom,Capcom,Platform,0.85,,
Devil's Crush,PCENGINE,Compile,NEC,Pinball,0.6,,
Dexter's Laboratory : Deesaster Strikes !,GBA,Virtucraft,Bam Entertainment,Platform,0.6,,
Dharma Doujou,FBNEO,Metro 3D,Metro 3D,Various,0.7,,
Diddy Kong Racing,N64,Rareware,Rareware,"Action, Race, Driving, Adventure",0.6,,
Die Hard Arcade,SEGASTV,SEGA,SEGA,Beat'em Up,0.75,,
Dig Dug,FBNEO,Namco,Namco,Action / Labyrinth,0.9,,
Dig Dug II,FBNEO,Namco,Namco,Action / Labyrinth,0.8,,
Digital Champ: Battle Boxing,PCENGINE,Naxat Soft,Naxat Soft,"Sports, Sports / Boxing",0.4,,
Dimahoo,FBNEO,Raizing,Capcom,Shoot'em up / Vertical,0.9,,
Dino Crisis (USA),PSX,Capcom,Virgin Interactive,"Adventure, Adventure / Survival Horror",0.8,,
Dino Crisis 2 (USA),PSX,Capcom,Capcom,"Adventure, Adventure / Survival Horror, Shooter / Tpv, Shooter",0.8,,
Dinosaur'us,GBC,Electronic Arts,PFX Interactive,Platform,0.4,,
Dirt Devils,MODEL3,SEGA,SEGA,"Race, Driving / Race",0.75,,
Disgaea : Hour of Darkness,PS2,Nippon Ichi Software,Koei,Role Playing Game,0.9,,
Disgaea 2 : Cursed Memories,PS2,Nippon Ichi Software,Koei,Role Playing Game / Tactical RPG,0.85,,
Disney Sports : Soccer,GBA,KCEO,Konami,Sports / Soccer,0.65,,
Disney's Donald Duck : Goin' Quackers,DREAMCAST,Disney Interactive,Ubisoft,"Platform, Action",0.4,,
Disney's DuckTales,NES,Capcom,Capcom,Platform,0.8,,
Disney's DuckTales 2,NES,Capcom,Capcom,Platform,0.8,,
Disney's Tarzan: Return to the Jungle,GBA,Digital Eclipse,Activision,Platform,0.85,,
DoDonPachi,FBNEO,Cave,Atlus,"Shoot'em Up / Vertical, Shoot'em Up",0.8,,
DoDonPachi II - Bee Storm,FBNEO,IGS,Capcom,Shoot'em up / Vertical,0.8,,
Dogyuun,FBNEO,Toaplan,Toaplan,Shoot'em up / Vertical,0.7,,
Dommy,FBNEO,Technos Japan,Tecmo,Action / Labyrinth,0.7,,
Don Doko Don,FBNEO,Taito,Taito,Platform / Run Jump,0.8,,
Donkey Kong,COLECOVISION,Nintendo,"Coleco Industries, Inc.","Action, Platform",0.6,,
Donkey Kong,FBNEO,Nintendo,Nintendo,Platform / Run Jump,0.9,,
Donkey Kong,GB,Nintendo,Nintendo,"Platform / Run Jump, Platform",0.8,,
Donkey Kong 3,FBNEO,Nintendo,Nintendo,Platform / Run Jump,0.7,,
Donkey Kong 64,N64,Rareware,Nintendo,"Action, Adventure, Platform",0.6,,
Donkey Kong Classics,NES,Nintendo,Nintendo,Compilation,0.6,,
Donkey Kong Country,GBA,Rareware,Nintendo,Platform,0.65,,
Donkey Kong Country,SNES,Rareware,Nintendo,Platform / Run Jump,0.8,,
Donkey Kong Country 2 : Diddy's Kong Quest,SNES,Rareware,Nintendo,Platform / Run Jump,0.95,,
Donkey Kong Country 3 : Dixie Kong's Double Trouble!,SNES,Rareware,Nintendo,Platform / Run Jump,0.9,,
Donkey Kong Junior,COLECOVISION,Nintendo,"Coleco Industries, Inc.","Action, Platform",0.8,,
Donkey Kong Junior,FBNEO,Nintendo,Nintendo,Platform / Run Jump,0.9,,
Donkey Kong Land III,GB,Rareware,Nintendo,"Action, Platform",0.6,,
Doom,JAGUAR,Id Software,Atari,"Shooter / 1St Person, Shooter",0.6,,
DOOM,PRBOOM,id Software,GT Interactive,Shooter / 1st person,0.85,,
Doom,SEGA32X,id Software,SEGA,Shooter / 1st person,0.55,,
Doom 64,N64,Midway,Midway,"Shoot'em Up, Shooter, Shooter / 1St Person",0.8,,
DOOM II,PRBOOM,id Software,GT Interactive,Shooter / 1st person,0.9,,
Doomdark's Revenge,ZXSPECTRUM,Mike Singleton,Beyond Software,Role playing games,,,
Doraemon - Meikyuu Daisakusen,PCENGINE,Nichibutsu,NEC,Action,0.6,,
Doraemon : Nobita no Dorabian Night,PCENGINE,Now Production,Hudson,"Action, Platform",0.6,,
Double Dragon,FBNEO,Technos Japan Corp.,Taito,"Platform / Fighter Scrolling, Platform, Fight, Fight / 2.5D, Beat'em Up",0.8,,
Double Dragon,NEOGEO,Technos Japan,SNK,Fight / Versus,0.65,,
Double Dragon II - The Revenge,FBNEO,Technos Japan,Technos Japan,Fight / 2.5D,0.7,,
Double Dragon II : The Revenge,NES,Technos Japan Corp.,Acclaim,Beat'em Up,0.8,,
Double Dragon III - The Rosetta Stone,ZXSPECTRUM,"Tom Prosser, Shaun G. McClure",Storm Software,Beat'em Up,,,
Double Dragon V : The Shadow Falls,JAGUAR,Telegames,Williams,Fight,0.2,,
Dr. Mario,GB,Nintendo,Nintendo,"Puzzle-Game, Puzzle-Game / Fall",0.6,,
Dr. Mario,NES,Nintendo,Nintendo,"Puzzle-Game, Puzzle-Game / Fall",0.6,,
Dr. Micro,FBNEO,,Sanritsu Denki,Platform / Run Jump,0.7,,
Dr. Seuss's Fix-up The Mix-up Puzzler,COLECOVISION,"Coleco Industries, Inc.","Coleco Industries, Inc.",Puzzle-Game,0.6,,
Dragon : The Bruce Lee Story,JAGUAR,Virgin Interactive,Atari,Fight,0.4,,
Dragon Ball Z : Collectible Card Game,GBA,Imagine Engine,Infogrames,Playing cards,0.55,,
Dragon Ball Z : The Legacy of Goku 2,GBA,Webfoot,Infogrames,Role playing games,0.85,,
Dragon Blaze,FBNEO,Psikyo,Psikyo,Shoot'em up / Vertical,0.8,,
Dragon Breed,FBNEO,Irem,Irem,"Shoot'em Up / Horizontal, Shoot'em Up",0.6,,
Dragon Buster,FBNEO,Namco,Namco,Role playing games / Action RPG,0.5,,
Dragon Egg!,PCENGINE,Masaya Games,NCS Corporation,"Action, Platform",0.6,,
Dragon Fighter,NES,Natsume,"SOFEL Co., Ltd.",Platform,0.6,,
Dragon Ninja,ZXSPECTRUM,"Paul Owens, Mark R. Jones, Bill Harbison",Imagine Software,Action,,,
Dragon Quest VIII : Journey of the Cursed King,PS2,Level-5,Square Enix,Role Playing Game,0.9,,
Dragon Saber : After Story of Dragon Spirit,PCENGINE,Namco,Namco,"Shoot'em Up, Shoot'em Up / Vertical",0.6,,
Dragon Spirit,FBNEO,Namco,Namco,Shoot'em up / Vertical,0.5,,
Dragon Spirit,PCENGINE,Namco,NEC,"Shoot'em Up, Shoot'em Up / Vertical",0.6,,
Dragon Spirit : The New Legend,NES,Now Production,Bandai,"Shoot'em Up, Shoot'em Up / Vertical",0.6,,
Dragon Tales : Dragon Wings,GBC,Zed Two,Ubisoft,Puzzle-Game,0.5,,
Dragon Warrior,NES,Enix,Nintendo,Role Playing Games,0.6,,
Dragon Warrior III,NES,Enix,Enix,Role Playing Games,0.6,,
Dragon Warrior IV,NES,Chunsoft,Enix,Role Playing Games,0.6,,
Dragon's Curse,PCENGINE,Westone,NEC,Platform,0.9,,
DragonFire,COLECOVISION,Imagic,Imagic,Action,0.8,,
Driv3r,PS2,Reflections,Atari SA,"Racing, Driving",0.75,,
Driver : You Are the Wheelman (USA),PSX,Reflections,GT Interactive,"Race, Driving",0.6,,
Driver 2 (USA),PSX,Reflections Interactive,Infogrames,"Race, Driving",0.8,,
Dropzone,GBC,Arena Graphics,Acclaim,Shoot'em Up,0.65,,
DuckTales 2,GB,Capcom,Capcom,Action,0.75,,
Duke Nukem 3D,EDUKE32,3D Realms,GT Interactive,Shooter / 1st person,0.85,,
Duke Nukem 64,N64,Eurocom,3D Realms,"Action, Shooter, Shooter / 1St Person",0.6,,
Dun Darach,ZXSPECTRUM,Gargoyle Games,Gargoyle Games,Adventure,0.8,,
Dungeon Explorer,PCENGINE,Atlus,NEC,Role Playing Games,0.6,,
Dungeon Magic,FBNEO,Taito,Taito,Action / Labyrinth,0.6,,
Dungeon Magic : Sword of the Elements,NES,Natsume,Taito,Role Playing Games,0.4,,
Dungeons & Dragons: Shadow over Mystara,FBNEO,Capcom,Capcom,Beat'em Up,0.6,,
Dungeons & Dragons: Tower of Doom,FBNEO,Capcom,Capcom,Beat'em Up,0.6,,
Dyna Gear,FBNEO,Sekarabe,Sammy,Platform / Fighter Scrolling,0.7,,
Dynamite Cop,DREAMCAST,SEGA,SEGA,Beat'em Up,0.6,,
Dynamite Headdy,MASTERSYSTEM,Minato Giken,SEGA,Action,0.8,,
Dynasty Wars,FBNEO,Capcom,Capcom,Beat'em Up,0.8,,
E-Motion,ZXSPECTRUM,,U.S. Gold,,0,,
E-swat - Cyber Police,FBNEO,SEGA,SEGA,Platform / Shooter Scrolling,0.6,,
E.D.F. : Earth Defense Force,FBNEO,Jaleco,Jaleco,Shoot'em up / Horizontal,0.5,,
E.T. The Extra-Terrestrial,GBA,Fluid,NewKidCo,Adventure,0.3,,
EarthBound,SNES,Ape Studios,Nintendo,Role playing games,0.85,,
Earthworm Jim,GBA,Shiny Entertainment,THQ,Platform,0.7,,
Earthworm Jim,MASTERSYSTEM,Shiny Entertainment,Tectoy,Platform,0.7,,
Earthworm Jim,MEGADRIVE,Shiny Entertainment,Virgin Interactive Entertainment,"Platform, Action",0.8,,
Earthworm Jim,SNES,Shiny Entertainment,Virgin,Platform / Run Jump,0.75,,
Earthworm Jim 2,MEGADRIVE,Playmates Interactive,Virgin Interactive Entertainment,"Platform, Action",0.8,,
Earthworm Jim 2,SATURN,Screaming Pink,Virgin Interactive Entertainment,Action,0.8,,
Earthworm Jim 2,SNES,Shiny Entertainment,Virgin,Action,0.75,,
Ecco : The Tides of Time,SEGACD,Novotrade,SEGA,Action,0.95,,
Ecco The Dolphin,MASTERSYSTEM,Novotrade,SEGA,Adventure,0.65,,
Eco Fighters,FBNEO,Capcom,Capcom,Shoot'em up / Horizontal,0.7,,
ECW Hardcore Revolution,N64,Acclaim,Acclaim,"Sports, Sports / Wrestling",0.4,,
Ed Edd'n Eddy : Jawbreakers !,GBA,Climax,Bam Entertainment,Platform,0.85,,
Eight Man,FBNEO,SNK,SNK,Platform / Fighter Scrolling,0.65,,
Eight Man,NEOGEO,SNK,SNK,Platform / Fighter Scrolling,0.65,,
Einhänder (USA),PSX,Square Enix,Sony,Shoot'em Up,0.8,,
Ejihon Tantei Jimusyo,SEGASTV,SEGA,SEGA,Puzzle-Game,0.7,,
El Gran Halcon,ZXSPECTRUM,Special FX Software Ltd.,Erbe Software,Action,0.5,,
Elan Doree - Legend of Dragoon,SEGASTV,Sai-Mate,Sai-Mate,Fight / Versus,0.5,,
Elemental Gimmick Gear,DREAMCAST,Hudson,Hudson,Role Playing Games,0.8,,
Elevator Action,FBNEO,Taito,Taito,Platform / Shooter Scrolling,0.7,,
Elevator Action,ZXSPECTRUM,Taito,Quicksilva,Action,0.6,,
Elevator Action Returns,FBNEO,Taito,Taito,Platform / Shooter Scrolling,0.7,,
Eliminator,ZXSPECTRUM,Hewson,Hewson,Action,,,
Elite,ZXSPECTRUM,Torus Games,Firebird,Strategy,0.7,,
Elmo's 123s,GBC,Bonsai Entertainment,NewKidCo,Educational,,,
Emeraldia,FBNEO,Namco,Namco,Puzzle-Game / Fall,0.7,,
Emergency Call Ambulance,MODEL3,SEGA,SEGA,"Race, Driving",0.65,,
Enduro Racer,MASTERSYSTEM,SEGA,SEGA,"Race, Driving, Motorcycle Race, 3Rd Pers.",0.6,,
Escape From The Planet Of The Robot Monsters,FBNEO,Atari,Atari,Action / Labyrinth,0.7,,
Escape from the Planet of the Robot Monsters,ZXSPECTRUM,Atari,Domark,Action,0.2,,
ESP Ra.De.,FBNEO,Cave,Atlus,"Shoot'em Up, Shoot'em Up / Vertical",0.8,,
Espgaluda,FBNEO,Cave,AMI,"Shoot'em Up, Shoot'em Up / Vertical",0.8,,
ESPN National Hockey Night,GBC,Konami,Konami,Sports / Hockey,,,
Eternal Champions : Challenge from the Dark Side,SEGACD,Deep Water,SEGA,Fight,0.7,,
Eternal Darkness : Sanity's Requiem,GAMECUBE,Nintendo,Silicon Knights,Adventure,0.9,,
Evil Twin : Cyprien's Chronicles,DREAMCAST,In Utero,Bigben Interactive,"Platform, Action",0.6,,
Evolution,COLECOVISION,Sydney Development,Sydney Development,,0.4,,
Evolution : Dino Dudes,JAGUAR,Imagitec Design,Atari,Puzzle-Game,0.35,,
Exolon,ZXSPECTRUM,Hewson,Hewson,Action,0.85,,
Extra Bases!,GB,Namco,Bandai,Sports / Baseball,0.8,,
Extreme Downhill,FBNEO,Sammy,Sammy,Sports / Skiing,0.7,,
Extreme Sports with the Berenstain Bears,GBC,Ed Magnin and Associates,Sound Source,Sports / Multisports,,,
Eyes,FBNEO,Digitrex Techstar,Techstar (Rock-Ola license),Action / Labyrinth,0.7,,
F-1 Dream,PCENGINE,NEC,NEC,"Race, Driving",0.7,,
F-117A : Stealth Fighter,NES,Microprose,Microprose,"Simulation, Action",0.6,,
F-15 Strike Eagle II,MEGADRIVE,Microprose,Microprose,"Simulation, Simulation / Vehicle",0.6,,
F-18 Thunder Strike,GBC,Morning Star Multimedia,Majesco,Simulation,,,
F-Zero,SNES,Nintendo,Nintendo,"Race, Driving / Race 3rd Pers. view",0.8,,
F-Zero GX,GAMECUBE,Amusement Vision,Nintendo,"Racing, Driving",0.8,,
F-Zero X,N64,Nintendo,Nintendo,"Race, Driving",0.8,,
F1 Circus '92 - The Speed Of Sound,PCENGINE,Nichibutsu,Nichibutsu,"Race, Driving",0.8,,
F1 Racing Championship,GBC,Video System,Ubisoft,"Race, Driving",0.75,,
F355 Challenge : Passione Rossa,DREAMCAST,AM2 Of CRI,Acclaim,"Race, Driving",0.8,,
Facemaker,COLECOVISION,Spinnaker Software,Spinnaker Software,Educational,,,
Fairlight - A Prelude - The Light Revealed,ZXSPECTRUM,"Edge, The","Edge, The",Adventure,0.7,,
Fairlight 2 - A Trail of Darkness,ZXSPECTRUM,"Bo Jangeborg, Niclas Osterlin",The Edge Software,Adventure,,,
Fantasy Zone,MASTERSYSTEM,SEGA,SEGA,Shoot'em Up,0.6,,
Fantasy Zone,PCENGINE,Bits Laboratory,NEC,Shoot'em Up,0.65,,
Fantasy Zone,SEGASTV,SEGA,SEGA,Shoot'em up / Horizontal,0.7,,
Fantasy Zone II,MASTERSYSTEM,SEGA,SEGA,Shoot'em Up,0.8,,
Far East of Eden: Kabuki Klash,NEOGEO,Racdym,SNK,Fight / Versus,0.6,,
Fatal Frame,PS2,Tecmo,Wanadoo Edition,Adventure / Survival Horror,0.8,,
Fatal Frame II : Crimson Butterfly,PS2,Tecmo,Ubisoft,Adventure / Survival Horror,0.9,,
Fatal Frame III : The Tormented,PS2,Tecmo,Take 2 Interactive,Adventure / Survival Horror,0.9,,
Fatal Fury : King of Fighters,NEOGEO,SNK,SNK,"Fight, Fight / Versus",0.4,,
Fatal Fury : Mark of the Wolves,DREAMCAST,SNK,SNK,"Fight, Fight / Versus",0.8,,
Fatal Fury 2,NEOGEO,SNK,SNK,"Fight, Fight / Versus",0.6,,
Fatal Fury 3: Road to the Final Victory,FBNEO,SNK,SNK,"Fight, Fight / Versus",0.6,,
Fatal Fury 3: Road to the Final Victory,NEOGEO,SNK,SNK,"Fight, Fight / Versus",0.6,,
Fatal Fury Special,NEOGEO,SNK,SNK,"Fight / Versus, Fight",0.6,,
Fatal Rewind,MEGADRIVE,Bizarre Creations,Electronic Arts,Action,0.5,,
Fathom,COLECOVISION,Imagic,Imagic,Action,0.45,,
Faxanadu,NES,Hudson,Nintendo,Role Playing Games,0.6,,
Fear Effect (USA),PSX,Kronos,Eidos Interactive,"Action, Adventure",0.8,,
Felix the Cat,NES,Shimada Kikaku,Hudson,Platform,0.6,,
Fever Pitch Soccer,JAGUAR,Distinctive Developments,Atari,Sports / Soccer,0.7,,
Fever SOS,FBNEO,Cave,Nihon System,"Shoot'em Up, Shoot'em Up / Vertical",0.8,,
FIFA Soccer '97,GB,Tiertex,Black Pearl Software,Sports / Soccer,0.8,,
FIFA Soccer 11,PS2,Electronic Arts,EA Sports,Sports / Football (Soccer),0.65,,
FIFA Soccer 2003,GBA,EA Sports,EA Sports,Sports / Soccer,0.8,,
FIFA Soccer 2005 (USA),PSX,EA Sports,Electronic Arts,"Sports / Soccer, Sports",0.6,,
FIFA Soccer 96,SEGA32X,Extended Play Productions,Electronic Arts,Sports / Soccer,0.5,,
FIFA: Road to World Cup 98,N64,Electronic Arts,Electronic Arts,Sports / Soccer,0.9,,
Fight Fever,NEOGEO,Viccom,SNK,Fight / Versus,0.7,,
Fight for Life,JAGUAR,Atari,Atari,Fight,0.6,,
Fighting Force 64,N64,Core Design,Crave Entertainment,"Fight, Beat'em Up",0.8,,
Fighting Vipers 2,MODEL3,SEGA,SEGA,Fight / 3D,0.6,,
Final Blaster,PCENGINE,Aisystem Tokyo,Namco,Shoot'em up / Vertical,0.65,,
Final DOOM,PRBOOM,Casali brothers,id Software,Shooter / 1st person,0.85,,
Final Fantasy,NES,Squaresoft,Nintendo,Role Playing Games,0.6,,
Final Fantasy Anthology : Final Fantasy V (USA),PSX,Squaresoft,Squaresoft,Role Playing Games,0.6,,
Final Fantasy Anthology : Final Fantasy VI (USA),PSX,Sony,Square Enix,Role Playing Games,0.8,,
Final Fantasy Chronicles : Chrono Trigger (USA),PSX,Squaresoft,Squaresoft,Role Playing Games,0.6,,
Final Fantasy Chronicles : Final Fantasy IV (USA),PSX,Squaresoft,Sony Computer Entertainment,Role Playing Games,0.8,,
Final Fantasy II,SNES,Square,Square,Role playing games,0.8,,
Final Fantasy III,SNES,Square,Square,Role playing games,0.8,,
Final Fantasy IX (France),PSX,Squaresoft,Squaresoft,Role Playing Games,0.8,,
Final Fantasy Origins : FF I & FF II (USA),PSX,Square Enix,Infogrames,Role Playing Games,0.6,,
Final Fantasy Tactics (USA),PSX,Squaresoft,Squaresoft,"Strategy, Role Playing Games",0.8,,
Final Fantasy Tactics Advance,GBA,Square Enix,Square Enix,Role Playing Games,0.6,,
Final Fantasy VII (USA),PSX,Squaresoft,Squaresoft,Role Playing Games,0.8,,
Final Fantasy VIII (France),PSX,Squaresoft,Squaresoft,Role Playing Games,0.8,,
Final Fantasy X,PS2,Square Enix,Sony Computer Entertainment,Role Playing Game,0.9,,
Final Fantasy X-2,PS2,Square Enix,Square Enix,Role Playing Game,0.85,,
Final Fantasy XII,PS2,Square Enix,Square Enix,Role Playing Game,0.85,,
Final Fight,FBNEO,Capcom,Capcom,Beat'em Up,0.8,,
Final Fight CD,SEGACD,Capcom,SEGA,Beat'em Up,0.85,,
Final Fight One,GBA,Suntek,Ubisoft,"Beat'em Up, Fight",0.6,,
Final Fight Revenge,SEGASTV,Capcom,Capcom,Fight / Versus,0.6,,
Final Lap Twin,PCENGINE,NEC,Namco,"Race, Driving / Race 3rd Pers. view",0.9,,
Final Match Tennis,PCENGINE,Human,Human,"Sports / Tennis, Sports",0.8,,
Final Soldier,PCENGINE,Hudson,Hudson,"Shoot'em Up, Action, Shoot'em Up / Vertical",0.8,,
Final Star Force,FBNEO,Tecmo,Tecmo,Shoot'em up / Vertical,0.5,,
Fire Emblem,GBA,Intelligent Systems,Nintendo,"Role Playing Games, Strategy, Tactical Rpg",0.8,,
Fire Emblem : Path of Radiance,GAMECUBE,Intelligent Systems,Nintendo,Role Playing Game / Tactical RPG,0.85,,
Fire Fighter,GB,Teeny Weeny Games,Mindscape,Platform / Shooter Scrolling,0.8,,
Flash Gordon,ZXSPECTRUM,Icon Design,Mastertronic Added Dimension,Action,,,
Flashback : The Quest for Identity,JAGUAR,Tiertex Design Studios,U.S. Gold,Platform,0.8,,
Flashback : The Quest for Identity,MEGADRIVE,U.S. Gold,Delphine Software International,"Adventure, Platform, Action",0.8,,
FlatOut,PS2,Bugbear Entertainment,Empire Interactive,"Racing, Driving",0.8,,
FlatOut 2,PS2,Bugbear Entertainment,Empire Interactive,"Racing, Driving",0.85,,
Flink,SEGACD,Sony,Psygnosis,Adventure,0.7,,
Flip Out!,JAGUAR,Gorilla,Atari,Puzzle-Game,0.6,,
Flipper Slipper,COLECOVISION,Spectravision,Spectravision,Action,0.4,,
Flying Dragon,N64,Culture Brain,Natsume,"Shoot'em Up, Fight",0.6,,
Flying Shark,ZXSPECTRUM,Graftgold,Firebird,Shoot'em Up,,,
Football Champ,FBNEO,Taito,Taito,Sports / Soccer,0.7,,
Football Frenzy,FBNEO,SNK,SNK,Sports / Football,0.5,,
Football Frenzy,NEOGEO,SNK,SNK,Sports / Football,0.5,,
Football International,GB,TOSE,GameTek,Sports / Soccer,0.6,,
Force 21,GBC,The Code Monkeys,Red Storm Entertainment,Strategy,0.5,,
Forgotten Worlds,MASTERSYSTEM,Sanritsu Denki,SEGA,"Shoot'em Up, Shoot'em Up / Horizontal",0.6,,
Formation Armed F,PCENGINE,Manjyudo,Pack In Video,Shoot'em up / Vertical,0.55,,
Formula One : Built to Win,NES,Winky Soft,SETA Corporation,"Race, Driving",0.6,,
Forsaken 64,N64,Iguana Entertainment,Acclaim,"Action, Shooter, Shooter / 1St Person",0.6,,
Fortune Builder,COLECOVISION,Coleco,Coleco,Simulation,,,
Fraction Fever,COLECOVISION,Spinnaker Software,Spinnaker Software,Educational,,,
Frank Thomas Big Hurt Baseball,GB,Iguana Entertainment,Acclaim,Sports / Baseball,0.6,,
Frantic Freddy,COLECOVISION,Spectravideo,Spectravideo,Shooter,,,
Fred,ZXSPECTRUM,Indescomp,Quicksilva,Adventure,0.9,,
Freekstyle,GBA,Full Fat,Zoo Digital Publishing,"Race, Driving",0.7,,
Frenzy,COLECOVISION,Stern Electronics,Coleco,Action,0.85,,
Friday the 13th,NES,Pack In Video,LJN,Action,0.45,,
Frogger,COLECOVISION,Konami,Parker Brothers,Action,0.6,,
Frogger,FBNEO,Konami,Konami,Action / Labyrinth,0.9,,
Frogger,GB,Konami,Majesco,"Shooter, Action",0.8,,
Frogger,GBC,Konami,Majesco,Action / Labyrinth,0.6,,
Frogger Advance : The Great Quest,GBA,Konami,Konami,Puzzle-Game,0.55,,
Frogger II: ThreeeDeep!,COLECOVISION,Parker Brothers,Parker Brothers,Action / Labyrinth,0.75,,
From Out of the Jungle - Tarzan,COLECOVISION,Coleco,Coleco,Action / Adventure,,,
Front Mission 4,PS2,Square Enix,Square Enix,Strategy,0.8,,
Frontline,COLECOVISION,Taito,"Coleco Industries, Inc.","Action, Shooter / Run And Gun, Shooter",0.4,,
Funky Head Boxers,SEGASTV,SEGA,SEGA,Sports / Boxing,0.7,,
Fushigi no Yume no Alice,PCENGINE,FACE,FACE,"Platform, Action",0.6,,
Futurama,PS2,Uds,SCi Games,Platform,0.65,,
Future Knight,ZXSPECTRUM,Gremlin Interactive,Gremlin Graphics Software,Action,,,
G. Darius (USA),PSX,THQ,Infogrames,"Shoot'em Up, Shoot'em Up / Horizontal",0.8,,
Gaia Crusaders,FBNEO,Noise Factory,Noise Factory,Fight / 2.5D,0.8,,
Gaia no Monshou,PCENGINE,NCS,NCS,Strategy,0.7,,
Gaiapolis,FBNEO,Konami,Konami,Fight / Vertical,0.6,,
Gaiares,MEGADRIVE,Telenet,Renovation Products,"Action, Shoot'em Up, Shoot'em Up / Horizontal",0.8,,
Gain Ground,MASTERSYSTEM,SEGA,SEGA,Strategy,0.8,,
Galactic Pinball,VIRTUALBOY,Intelligent Systems,Nintendo,Pinball,0.75,,
Galaga,FBNEO,Namco,Midway,Shoot'em up / Vertical,0.9,,
Galaga : Demons of Death,NES,Namco,Bandai,"Shoot'em Up / Vertical, Shoot'em Up",0.6,,
Galaga '88,FBNEO,Namco,Namco,Shooter / Space Invaders Like,0.9,,
Galaga '90,PCENGINE,Namco,NEC,Shoot'em up / Vertical,0.8,,
Galahad,MEGADRIVE,Psygnosis,Electronic Arts,"Action, Platform",0.6,,
Galaxian,COLECOVISION,Namco,Atari,Shoot'em Up,0.8,,
Galaxian,FBNEO,Namco,Namco,Shoot'em up / Vertical,0.9,,
Galaxian,ZXSPECTRUM,Namco,Atari,Shoot'em Up,,,
Galaxy Fight: Universal Warriors,NEOGEO,Sunsoft,SNK,Fight / Versus,0.75,,
Galaxy Force 2,FBNEO,SEGA,SEGA,"Shooter / Plane, 3rd person",0.7,,
Game & Watch Gallery 4,GBA,TOSE,Nintendo,Compilation,0.8,,
Gang Busters,FBNEO,Konami,Konami,Shooter / Run and Gun,0.7,,
Gangster Town,MASTERSYSTEM,SEGA,SEGA,Lightgun Shooter,0.6,,
Ganryu,FBNEO,Visco,SNK,Platform / Fighter Scrolling,0.5,,
Ganryu,NEOGEO,Visco,SNK,Platform / Fighter Scrolling,0.5,,
Garfield - Winter's Tail,ZXSPECTRUM,Softek Software,"Edge, The",Action,,,
Garfield : Caught in the Act,MEGADRIVE,SEGA,SEGA,Platform,0.7,,
Garou: Mark of the Wolves,FBNEO,SNK,SNK,"Fight, Fight / Versus",0.8,,
Garou: Mark of the Wolves,NEOGEO,SNK,SNK,Fight / Versus,0.95,,
Gateway to Apshai,COLECOVISION,The Connelley Group,Epyx,Role playing games,0.6,,
Gauntlet,FBNEO,Atari,Atari,Action / Labyrinth,0.7,,
Gauntlet,MASTERSYSTEM,Tiertex,U.S. Gold,Shooter,0.6,,
Gauntlet : Dark Legacy,PS2,Midway,Midway,Beat'em Up,0.65,,
Gauntlet : Seven Sorrows,PS2,Midway,Midway,Beat'em Up,0.7,,
Gauntlet Legends,N64,Atari,Midway,Role Playing Games,0.8,,
Gazza II,ZXSPECTRUM,Active Minds,Empire Interactive,Sports,0.6,,
Gear Works,GB,Teque,Sony Electronic Publishing,Puzzle-Game,0.6,,
Geist,GAMECUBE,n-Space,Nintendo,Adventure,0.8,,
Gemini Wing,FBNEO,Tecmo,Tecmo,Shoot'em up / Vertical,0.5,,
Genji Tsuushin Agedama,PCENGINE,NEC,NEC,Action,0.8,,
George Foreman's KO Boxing,SNES,Beam Software,Acclaim,Sports / Boxing,0.6,,
Ghost House,MASTERSYSTEM,SEGA,SEGA,Platform,0.6,,
Ghost in the Shell (USA),PSX,Sony,Sony,Action,0.8,,
Ghost Pilots,NEOGEO,SNK,SNK,Shoot'em up / Vertical,0.8,,
Ghostlop,FBNEO,Data East,Data East,Puzzle-Game / Throw,0.7,,
Ghostlop,NEOGEO,Data East,Data East,Puzzle-Game / Throw,0.7,,
Ghosts'n Goblins,FBNEO,Capcom,Capcom,Platform,0.9,,
Ghouls'n Ghosts,FBNEO,Capcom,Capcom,"Platform / Fighter Scrolling, Platform",0.8,,
Ghouls'n Ghosts,MASTERSYSTEM,Capcom,SEGA,Platform,0.6,,
Ghouls'n Ghosts,MEGADRIVE,Capcom,Capcom,Platform,0.6,,
Giga Wing,FBNEO,Takumi,Capcom,Shoot'em up / Vertical,0.85,,
GigaWing,DREAMCAST,Takumi Corporation,Virgin Interactive,Shoot'em Up,0.6,,
GigaWing 2,DREAMCAST,Takumi Corporation,Capcom,"Shoot'em Up, Shoot'em Up / Vertical",0.6,,
Glider Rider,ZXSPECTRUM,Binary Design,Quicksilva,Action,,,
Goal! Goal! Goal!,NEOGEO,Visco,SNK,Sports / Soccer,0.5,,
God Hand,PS2,Clover,Capcom,Beat'em Up,0.85,,
God of War,PS2,SCE Santa Monica,Sony Computer Entertainment,Adventure,0.9,,
God of War : Chains of Olympus,PSP,Ready At Dawn,Sony Computer Entertainment,Beat'em Up,0.85,,
God of War II,PS2,SCE Santa Monica,Sony Computer Entertainment,Beat'em Up,0.95,,
Gods,SNES,The Bitmap Brothers,Interplay,Platform,0.6,,
Goemon's Great Adventure,N64,Konami,Konami,"Action, Action, Adventure, Platform",0.8,,
Golden Axe,FBNEO,Team Shinobi,SEGA,Fight / 2.5D,0.8,,
Golden Axe,MASTERSYSTEM,SEGA,SEGA,Beat'em Up,0.6,,
Golden Axe - The Duel,SEGASTV,SEGA,SEGA,Fight / Versus,0.7,,
Golden Axe III,MEGADRIVE,SEGA,SEGA,"Beat'em Up, Action",0.6,,
Golden Axe Warrior,MASTERSYSTEM,SEGA,SEGA,Role Playing Games,0.6,,
Golden Axe: The Revenge of Death Adder,FBNEO,SEGA,SEGA,Fight / 2.5D,0.6,,
Golden Nugget 64,N64,Westwood Studios,Electronic Arts,"Casino / Slot Machine, Casino",0.6,,
Golden Sun,GBA,Camelot Software,Nintendo,Role Playing Games,0.8,,
Golden Sun : The Lost Age,GBA,Camelot Software,Nintendo,Role Playing Games,0.8,,
GoldenEye 007,N64,Rareware,Nintendo,"Shooter, Shooter / 1St Person",0.8,,
Golf,VIRTUALBOY,Technical Engineering Support,Nintendo,Sports / Golf,0.85,,
Goof Troop,SNES,Capcom,Capcom,Action / Adventure,0.75,,
Gorf,COLECOVISION,Bally Midway,CBS Software,Shooter / Space Invaders Like,0.85,,
GP-1 Part II,SNES,Atlus,Genki,"Race, Driving",0.7,,
Gradius Galaxies,GBA,Mobile 21,Konami,Shoot'em up / Horizontal,0.8,,
Gradius III,FBNEO,Konami,Konami,Shoot'em up / Horizontal,0.6,,
Gran Turismo (USA),PSX,Polyphony Digital,Sony,"Race, Driving",0.8,,
Gran Turismo 2 (Arcade Mode),PSX,Polyphony Digital,Sony Computer Entertainment,"Race, Driving",0.8,,
Gran Turismo 2 (Simulation Mode),PSX,Polyphony Digital,Sony Computer Entertainment,"Race, Driving",0.8,,
Gran Turismo 4,PS2,Polyphony Digital,Sony Computer Entertainment,"Racing, Driving",0.9,,
Grand Theft Auto - Vice City,PORTS,,,,,,
Grand Theft Auto : Chinatown Wars,PSP,Rockstar Games,Rockstar Games,Action / Adventure,0.75,,
Grand Theft Auto : San Andreas,PS2,Rockstar North,Rockstar Games,Adventure / RealTime 3D,0.95,,
Grand Theft Auto : Vice City Stories,PSP,Rockstar Games,Take 2 Interactive,Shooter / TPV,0.85,,
Grand Theft Auto (USA),PSX,DMA Design,Take 2 Interactive,"Race, Driving, Action / Adventure, Action",0.6,,
Grand Theft Auto 2 (USA),PSX,Rockstar North,Rockstar Games,"Action, Shoot'em Up, Race, Driving",0.6,,
Grand Theft Auto III,PORTS,,,,,,
Grandia II,DREAMCAST,Game Arts,Ubisoft,Role Playing Games,0.8,,
Grange Hill,ZXSPECTRUM,Binary Design,Argus Press Software,Adventure,,,
Gratia - Second Earth,FBNEO,Jaleco,Jaleco,Shoot'em up / Horizontal,0.5,,
Great Volleyball,MASTERSYSTEM,SEGA,SEGA,"Sports, Sports / Volleyball",0.6,,
Green Beret,FBNEO,Konami,Konami,Platform / Shooter Scrolling,0.8,,
Green Beret,ZXSPECTRUM,"Jonathan M. Smith, F. David Thorpe",Imagine Software,Shoot'em Up,,,
Groove on Fight - Gouketsuji Ichizoku 3,SEGASTV,Atlus,Atlus,Fight / Versus,0.6,,
Growl,FBNEO,Taito,Taito,Fight / 2.5D,0.7,,
Gryzor,ZXSPECTRUM,"Paul Owens, Mark R. Jones, David Whittaker",Ocean,Shoot'em Up,,,
GT Advance : Championship Racing,GBA,MTO Co,THQ,"Race, Driving",0.8,,
Guardian Force,SEGASTV,Success,Success,Shoot'em up / Vertical,0.7,,
Guardians: Denjin Makai II,FBNEO,Winky Soft,Banpresto,Fight / 2.5D,0.7,,
Guerrilla War,FBNEO,SNK,SNK,Shooter / Run and Gun,0.7,,
Guerrilla War,NES,SNK,SNK,"Shooter, Shooter / Run And Gun",0.8,,
Guerrilla War,ZXSPECTRUM,SNK,Imagine Software,Action,0.7,,
Guilty Gear Judgment,PSP,Arc System Works,Majesco,Fighting / Versus,0.8,,
Guilty Gear X,DREAMCAST,Arc System Works,Sammy Studios,Fight,0.8,,
Guilty Gear XX Accent Core,PS2,Arc System Works,Aksys Games,Fighting / Versus,0.9,,
Gun,PS2,Neversoft,Activision,Adventure,0.8,,
Gun & Frontier,FBNEO,Taito,Taito,Shoot'em up / Vertical,0.7,,
Gun.Smoke,FBNEO,Capcom,Capcom,Shooter / Run and Gun,0.7,,
Gunbird,FBNEO,Psikyo,Psikyo,Shoot'em up / Vertical,0.7,,
Gunbird 2,DREAMCAST,Psikyo,Virgin Interactive,"Shoot'em Up, Shoot'em Up / Vertical",0.6,,
Gunbird 2,FBNEO,Psikyo,Psikyo,Shoot'em up / Vertical,0.9,,
Gundhara,FBNEO,Banpresto,Banpresto,Shooter / Run and Gun,0.8,,
Gunforce - Battle Fire Engulfed Terror Island,FBNEO,Irem,Irem,Platform / Shooter Scrolling,0.7,,
GunForce II,FBNEO,Irem,Irem,Platform / Shooter Scrolling,0.9,,
Gunlock,FBNEO,Taito,Taito,Shoot'em up / Vertical,0.9,,
Gunstar Heroes,MEGADRIVE,Treasure,SEGA,"Beat'em Up, Action, Shooter / Run And Gun, Shooter",0.8,,
Gururin,NEOGEO,FACE,FACE,Puzzle-Game / Fall,0.7,,
Gust Buster,COLECOVISION,Sunrise Software,Sunrise Software,Action,,,
Guwange,FBNEO,Cave,Atlus,Shoot'em Up,0.8,,
Gyroscope,ZXSPECTRUM,Catalyst Coders,Melbourne House,Action,0.7,,
Gyruss,COLECOVISION,Konami,Parker Brothers,Shooter / Run and Gun,0.45,,
Gyruss,FBNEO,Konami,Konami,"Shooter / Plane, 3rd person",0.9,,
Gyruss,NES,Konami,Ultra Games,Shoot'em Up,0.6,,
H.E.R.O. - Helicopter Emergency Rescue Operation,COLECOVISION,Activision,Activision,Adventure,0.75,,
Hammerfist,ZXSPECTRUM,Vivid Image,Activision,Adventure,,,
Hammerin' Harry,FBNEO,Irem,Irem,Platform / Fighter Scrolling,0.7,,
Hamtaro : Ham-Ham Heartbreak,GBA,Pax Softonica,Nintendo,Adventure,0.8,,
Hanagumi Taisen Columns - Sakura Wars,SEGASTV,SEGA,SEGA,Puzzle-Game / Fall,0.65,,
Hands of Time,GBC,Mirage Media,Titus,Adventure,0.65,,
Harley-Davidson & L.A. Riders,MODEL3,SEGA,SEGA,"Race, Driving / Motorcycle Race, 3rd Pers.",0.6,,
Harley-Davidson Motor Cycles : Race Across America,GBC,Canopy Games,WizardWorks,"Race, Driving",,,
Harry Potter and the Chamber of Secrets,GBA,Eurocom,EA Games,Platform,0.7,,
Harvest Moon,SNES,Pack In Video,Natsume,Simulation,0.75,,
Harvest Moon : Friends of Mineral Town,GBA,TOSE,Natsume,"Action, Simulation, Strategy",0.8,,
Harvest Moon 64,N64,Victor Interactive,Natsume,Simulation,0.6,,
Hashire Patrol Car,SEGASTV,SEGA,SEGA,"Race, Driving",,,
Hatch Catch,FBNEO,SemiCom,SemiCom,Puzzle-Game / Throw,0.5,,
Haunted Castle,FBNEO,Konami,Konami,Platform / Fighter Scrolling,0.7,,
Haunting Starring Polterguy,MEGADRIVE,Electronic Arts,Electronic Arts,"Various, Simulation",0.6,,
Hawk Storm,ZXSPECTRUM,Players Software,Players Software,Action,,,
Head over Heels,ZXSPECTRUM,Ocean,Erbe Software,Adventure,0.7,,
Head-On Soccer,MEGADRIVE,U.S. Gold,U.S. Gold,Sports / Soccer,0.5,,
Headhunter,DREAMCAST,Amuze AB,SEGA,Adventure,0.8,,
Heart of the Alien : Out of this World Parts I and II,SEGACD,Virgin Interactive,Delphine Software International,Platform,0.6,,
Heavy Barrel,FBNEO,Data East,Data East,Shooter / Run and Gun,0.6,,
Heavy Smash,FBNEO,Data East,Data East,Sports / Handball,0.5,,
Hellfire,FBNEO,Toaplan,Toaplan,Shoot'em up / Horizontal,0.5,,
Hercules - Slayer of the Damned,ZXSPECTRUM,Cygnus Software Ltd.,Cygnus Software Ltd.,Action,,,
Hero Quest,ZXSPECTRUM,221B Software Development,Gremlin Graphics Software,Strategy,0.7,,
Heroes of Might and Magic,GBC,KnowWonder,3DO,Role playing games,0.45,,
Herzog Zwei,MEGADRIVE,Technosoft,SEGA,Strategy,0.8,,
Hexen,SATURN,Raven Software,GT Interactive,Action,0.75,,
Hexen - Beyond Heretic,GZDOOM,,,,,,
High Stakes Gambling,GB,HAL Laboratory,Nintendo,Casino / Cards,0.65,,
Highway Encounter,ZXSPECTRUM,Vortex Software,Vortex Software,Strategy,,,
"Hit the Ice : VHL, The Official Video Hockey Leagu",PCENGINE,Taito,Taito,Sports / Hockey,0.65,,
Hogs of War (USA),PSX,Infogrames,Infogrames,Strategy,0.8,,
Home Alone,MASTERSYSTEM,Probe Entertainment,SEGA,Platform,1,,
Honoo No Toukyuuji Dodge Danpei,MEGADRIVE,SEGA,SEGA,Sports / Dodgeball,,,
Honoo No Toukyuuji Dodge Danpei,PCENGINE,Aim Software,Hudson,Sports / Dodgeball,0.8,,
Hook,FBNEO,Irem,Irem,Beat'em Up,0.7,,
Horace Goes Skiing,ZXSPECTRUM,Psion Software Ltd.,Sinclair Research,Sports,0.6,,
Hot Wheels : Burnin' Rubber,GBA,Altron,THQ,"Race, Driving",0.3,,
Hotshot,ZXSPECTRUM,Maxwell Technology Ltd.,Prism Leisure Corporation Plc,Action,,,
Hoyle Card Games,GBC,Sandbox,Sierra,Strategy,0.5,,
Hoyle Casino,GBC,Pulsar Interactive,Sierra,Simulation,,,
Hugo - The Evil Mirror,GBC,ITE Media,Electronic Arts,Platform,,,
Hydro Thunder,DREAMCAST,Eurocom,Midway,"Race, Driving",0.6,,
Hydrofool,ZXSPECTRUM,Carter Follis Software Associates,FTL - Faster Than Light,Adventure,0.65,,
Hyper Duel,FBNEO,Technosoft,Technosoft,Shoot'em up / Horizontal,0.7,,
Hyper Olympic,FBNEO,Konami,Konami,Sports / Multisports,0.9,,
I-War,JAGUAR,Imagitec Design,Atari,Shooter,0.55,,
"I, Ball",ZXSPECTRUM,"Timothy Closs, Kevin Wallace",Firebird,Action,,,
"I, Ball II - Quest for the Past",ZXSPECTRUM,Timothy Closs,Firebird,Action,,,
ICO,PS2,SCE Japan,Sony Computer Entertainment,Platform,0.85,,
Ikari III - The Rescue,FBNEO,,SNK,Shooter / Run and Gun,0.8,,
Ikari Warriors,FBNEO,SNK,SNK,Shooter / Run and Gun,0.9,,
Ikaruga,DREAMCAST,Treasure,Treasure,"Shoot'em Up, Shoot'em Up / Vertical",0.8,,
Illusion of Gaia,SNES,Quintet,Enix,Role playing games,0.9,,
Illusions,COLECOVISION,Nice  Ideas,Coleco,Puzzle-Game,,,
Impossible Mission,MASTERSYSTEM,Epyx,U.S. Gold,Platform,0.6,,
Impossible Mission,ZXSPECTRUM,,U.S. Gold,Action,,,
Impossible Mission II,ZXSPECTRUM,Novotrade,,Action,,,
In the Hunt,FBNEO,Irem,Irem,Shoot'em up / Horizontal,0.9,,
Incoming,DREAMCAST,Rage Software,Rage Software,Shoot'em Up,0.6,,
Indiana Jones and the Temple of Doom,ZXSPECTRUM,Atari,U.S. Gold,Action,,,
Indoor Sports,ZXSPECTRUM,"DesignStar Consultants, Inc.",Advance Software,Sports,1,,
Innsmouth no Yakata,VIRTUALBOY,Betop,I'Max,Shooter / 1st person,0.5,,
Inspector Gadget : Operation Madkactus,GBC,RFX Interactive,Light & Shadow Productions (LSP),Strategy,0.4,,
Intensity,ZXSPECTRUM,Graftgold,Firebird,Shoot'em Up,,,
International 3D Tennis,ZXSPECTRUM,Sensible Software,Palace,Sports,,,
International Karate+,ZXSPECTRUM,System 3 Software,System 3 Software,Sports,0.5,,
International Superstar Soccer,GB,Major A,Konami,Sports / Soccer,0.75,,
International Superstar Soccer 2000,N64,KCEO,Konami,"Sports, Sports / Soccer",0.6,,
International Superstar Soccer 64,N64,KCEO,Konami,"Sports, Sports / Soccer",0.8,,
International Superstar Soccer 98,N64,KCEO,Konami,"Sports, Sports / Soccer",0.6,,
International Superstar Soccer Deluxe,SNES,Konami,Konami,Sports / Soccer,0.75,,
Its Only Rock 'N' Roll,COLECOVISION,Xonox,Xonox,Simulation,,,
Ivan 'Ironman' Stewart's Super Off Road,ZXSPECTRUM,Leland Corporation,Virgin,"Race, Driving",,,
J. J. Squawkers,FBNEO,,Athena,Platform / Shooter Scrolling,0.7,,
J. League Pro Striker Kanzenban,MEGADRIVE,SEGA,SEGA,"Action, Sports / Soccer, Sports",,,
Jack Bros.,VIRTUALBOY,Atlus,Atlus,Adventure,0.8,,
Jack Nicklaus Golf,GB,Sculptured Software,Tradewest,Sports / Golf,0.65,,
Jack the Nipper,ZXSPECTRUM,Gremlin Interactive,Gremlin Graphics Software,Adventure,0.6,,
Jack the Nipper II - In Coconut Capers,ZXSPECTRUM,Gremlin Interactive,Gremlin Graphics Software,Action,0.75,,
Jackal,NES,Konami,Konami,"Race, Driving",0.8,,
Jackie Chan Adventures : Legend of the Dark Hand,GBA,Torus Games,Activision,Beat'em Up,0.65,,
Jackie Chan's Action Kung Fu,PCENGINE,Hudson,Hudson,Platform,0.7,,
James Bond 007,COLECOVISION,Parker Brothers,Parker Brothers,Action,0.2,,
James Pond 2 - Codename Robocod,MASTERSYSTEM,Millenium Interactive,U.S. Gold,Platform,0.65,,
Jaws,NES,Westone,LJN,Adventure,0.4,,
Jeff Gordon XS Racing,GBC,Natsume,ASC Games,"Race, Driving",,,
Jeremy McGrath Supercross 2000,N64,Acclaim,Acclaim,"Sports, Race, Driving",0.6,,
Jet Force Gemini,N64,Rareware,Rareware,"Shoot'em Up, Action",0.6,,
Jet Grind Radio,DREAMCAST,Smilebit,SEGA,"Sports, Action / Adventure, Action",0.8,,
Jet Set Willy,ZXSPECTRUM,Software Projects Ltd.,Spud,Platform,0.7,,
Jet Set Willy II - The Final Frontier,ZXSPECTRUM,Software Projects Ltd.,Software Projects Ltd.,Adventure,,,
Jetpac,ZXSPECTRUM,Ultimate,Ultimate,Action,0.75,,
Jigoku Meguri,PCENGINE,Taito,Taito,Platform,0.6,,
Joe & Mac 2 : Lost in the Tropics,SNES,Data East,Data East,Platform,0.85,,
Joe & Mac Returns,FBNEO,Data East,Data East,Platform / Run Jump,0.8,,
Joe Blade,ZXSPECTRUM,Players Software,Players Software,Action,,,
Joe Montana II Sports Talk Football,MEGADRIVE,SEGA,SEGA,"Sports, Sports / Football",,,
John Madden Football,MEGADRIVE,Park Place Productions,Electronic Arts,"Sports, Sports / Football",0.6,,
JoJo's Bizarre Adventure,DREAMCAST,Capcom,Virgin,Fight,0.6,,
JoJo's Venture,FBNEO,Capcom,Capcom,Fight / Versus,0.75,,
Joshua & the Battle of Jericho,NES,Wisdom Tree,Wisdom Tree,"Educational, Puzzle-Game",0.4,,
Journey,FBNEO,Bally Midway,Bally Midway,Action / Labyrinth,0.8,,
Joust,FBNEO,Williams,Williams,Platform / Run Jump,0.8,,
Jr. Pac-Man,FBNEO,Bally Midway,Bally Midway,Action / Labyrinth,0.9,,
Juke Box,COLECOVISION,Spinnaker Software,Spinnaker Software,Strategy,,,
Jumping Jack,FBNEO,,,Platform / Run Jump,0.8,,
Jumping Jack,ZXSPECTRUM,Imagine,Imagine Software,Action,,,
Jumpman Junior,COLECOVISION,Epyx,Epyx,Platform,0.85,,
JumpStart Dino Adventure : Field Trip,GBC,Dice,Knowledge Adventure,Educational,,,
Jungle Hunt,COLECOVISION,Taito,Atari,Platform / Run Jump Scrolling,0.6,,
Jungle King,FBNEO,Taito,Taito,Platform / Run Jump Scrolling,0.9,,
Juno First,FBNEO,Konami,Konami,Shooter / Space Invaders Like,0.8,,
Jurassic Park,MASTERSYSTEM,SEGA,SEGA,Platform,0.8,,
Juuouki,PCENGINE,SEGA,NEC,Action,0.85,,
Kabuki Quantum Fighter,NES,Human,HAL Laboratory,Platform,0.8,,
Kane,ZXSPECTRUM,Mastertronic,Mastertronic,Adventure,0.75,,
Kangaroo,FBNEO,Sunsoft,Sunsoft,Platform / Run Jump,0.8,,
Karaoke Quiz Intro Don Don!,SEGASTV,,Sunsoft,Quiz / Japanese,0.7,,
Karnaaj Rally,GBA,Paragon 5,Jaleco,"Race, Driving",0.7,,
Karnov,FBNEO,Data East,Data East,Platform / Shooter Scrolling,0.7,,
Karnov's Revenge,NEOGEO,Data East,SNK,Fight / Versus,0.7,,
Karous,DREAMCAST,Milestone,Milestone,"Shoot'em Up, Action",0.6,,
Kasumi Ninja,JAGUAR,Hand Made Software,Atari,Beat'em Up,0.45,,
Katamari Damacy,PS2,Namco,Namco,Puzzle,0.85,,
Kattobi! Takuhai Kun,PCENGINE,Advance Communication Company,Tonkin House,Action,0.5,,
Keep The Balance,GBC,Karma,JoWood Produtions,Puzzle-Game,0.75,,
Keio Flying Squadron,SEGACD,JVC,JVC,Shoot'em up / Horizontal,0.7,,
Ken Griffey Jr. Presents Major League Baseball,GB,,,Sports / Baseball,,,
Ken Griffey Jr. Presents Major League Baseball,SNES,Software Creations,Nintendo,Sports / Baseball,0.85,,
Ken Griffey Jr.'s Slugfest,GBC,Software Creations,Nintendo,Sports / Baseball,0.7,,
Ken Griffey Jr.'s Winning Run,SNES,Rareware,Nintendo,Sports / Baseball,0.65,,
Ken Uston Blackjack-Poker,COLECOVISION,Coleco,Coleco,Casino / Cards,0.8,,
Ketsui: Kizuna Jigoku Tachi,FBNEO,Cave,AMI,"Shoot'em Up / Vertical, Shoot'em Up",0.8,,
Keystone Kapers,COLECOVISION,Activision,Activision,Action,0.7,,
Kick Off,NES,Anco,Imagineer,Sports / Soccer,0.7,,
Kick Off 2,ZXSPECTRUM,Anco,Anco,Sports,0.5,,
Kick-Box Vigilante,ZXSPECTRUM,"Jimmy Parr, David Taylor",Zeppelin Games,Action,,,
Kickball,PCENGINE,Dual,NCS,Sports / Baseball,0.65,,
Kicker,FBNEO,Konami,Konami,Fight,0.8,,
KickMaster,NES,Kindle Imagine Develop,Taito,Beat'em Up,0.6,,
Kid Niki - Radical Ninja,FBNEO,Data East,Irem,Platform / Fighter Scrolling,0.7,,
Killer 7,GAMECUBE,Capcom,Capcom,Adventure,0.9,,
Killer Instinct,FBNEO,Rareware,Midway,Fight / Versus,0.8,,
Killer Instinct,SNES,Rareware,Nintendo,Fight / Versus,0.75,,
Killer Instinct 2,FBNEO,Rareware,Midway,Fight / Versus,0.8,,
Killer Instinct Gold,N64,Rareware,Nintendo,"Sports, Action, Fight",0.6,,
King Of Boxer,FBNEO,Wood Place,Data East,Sports / Boxing,0.7,,
King of Dragons,SNES,Capcom,Capcom,Beat'em Up,0.75,,
"King of Fighters 2000, The",DREAMCAST,Playmore,Playmore,Fight / Versus,0.7,,
"King of Fighters 2001, The",DREAMCAST,Playmore,Playmore,Fight / Versus,0.7,,
"King of Fighters 2002, The",DREAMCAST,Playmore,Playmore,Fight / Versus,0.6,,
King of the Monsters,NEOGEO,SNK,SNK,Fight,0.65,,
King of the Monsters 2 - The Next Thing,NEOGEO,SNK,SNK,Beat'em Up,0.75,,
Kings of the Beach : Professional Beach Volleyball,NES,Electronic Arts,Ultra Games,"Sports, Sports / Volleyball",0.8,,
Kirby : Nightmare in Dream Land,GBA,HAL Laboratory,Nintendo,"Role Playing Games, Platform",0.8,,
Kirby 64 : The Crystal Shards,N64,HAL Laboratory,Nintendo,"Action, Platform",0.8,,
Kirby Air Ride,GAMECUBE,HAL Laboratory,Nintendo,"Racing, Driving",0.7,,
Kirby Super Star,SNES,HAL Laboratory,Nintendo,Platform,0.95,,
Kirby's Adventure,NES,HAL Laboratory,Nintendo,Platform,0.8,,
Kirby's Dream Land 3,SNES,HAL Laboratory,Nintendo,Platform,0.85,,
Kizuna Encounter - Super Tag Battle,FBNEO,SNK,SNK,"Fight / Versus, Fight",0.6,,
Kizuna Encounter - Super Tag Battle,NEOGEO,SNK,SNK,Fight / Versus,0.7,,
Klax,FBNEO,Atari,Atari,Puzzle-Game / Fall,0.9,,
Klax,MASTERSYSTEM,Tengen,Tengen,"Puzzle-Game, Strategy",,,
Klonoa 2 : Lunatea's Veil,PS2,Namco,Namco,Platform,0.8,,
Klustar,GBC,Rebellion,Infogrames,Puzzle-Game,0.55,,
Knight Quest,GB,Lenar,Taito,Role playing games,0.8,,
Knight Tyme,ZXSPECTRUM,Mastertronic,Mastertronic Added Dimension,Adventure,,,
Knights of the Round,FBNEO,Capcom,Capcom,Beat'em Up,0.75,,
Knights of Valour,FBNEO,IGS,IGS,Fight / 2.5D,0.7,,
Knights of Valour 2,FBNEO,IGS,IGS,Fight / 2.5D,0.7,,
Knockout,ZXSPECTRUM,G. Shallcross,Mikro-gen,Action,,,
Knockout Kings 2000,N64,Black Ops Entertainment,EA Sports,Sports,0.8,,
Knuckle Bash,FBNEO,Toaplan,Toaplan,Fight /  Co-op,0.5,,
Knuckles' Chaotix,SEGA32X,Sonic Team,SEGA,Platform,0.75,,
Konami Collector's Series : Arcade Advanced,GBA,Konami,Konami,Compilation,0.7,,
Konami Gb Collection Vol. 1,GBC,TOSE,Konami,Compilation,0.75,,
Kong,ZXSPECTRUM,Ocean,Ocean,Action,,,
Kong 2 - Kong Strikes Back,ZXSPECTRUM,,Ocean,Action,,,
Kore Ga Pro Yakyuu '90,PCENGINE,TOSE,Intec,Sports / Baseball,0.8,,
Koutetsu Yousai Strahl,FBNEO,UPL,UPL,Shoot'em up / Horizontal,0.5,,
Krakout,ZXSPECTRUM,Gremlin Interactive,Gremlin Graphics Software,Action,,,
Krull,FBNEO,Gottlieb,Gottlieb,Shooter,0.7,,
Kyuukai Douchuuki,MEGADRIVE,Namco,Namco,"Action, Sports / Baseball, Sports",0.6,,
Kyuukyoku Mahjong - Idol Graphics,PCENGINE,Games Express,Hacker International,Asiatic board game,,,
L.A. Machineguns,MODEL3,SEGA,SEGA,Shooter,0.7,,
L'Empereur,NES,Koei,Koei,Strategy,0.8,,
Lady Bug,COLECOVISION,Universal,Coleco,Action / Labyrinth,0.8,,
Lady Bug,FBNEO,,Universal,Action / Labyrinth,0.7,,
Land Maker,FBNEO,Taito,Taito,Puzzle-Game / Throw,0.9,,
Land of Illusion Starring Mickey Mouse,MASTERSYSTEM,SEGA,SEGA,Platform,0.6,,
Landstalker,MEGADRIVE,Climax Studios,SEGA,Role Playing Games,0.8,,
Lara Croft Tomb Raider : Anniversary,PS2,Crystal Dynamics,Eidos Interactive,Action / Adventure,0.85,,
Lara Croft Tomb Raider : Legend,PS2,Crystal Dynamics,Eidos Interactive,Platform,0.85,,
Lara Croft Tomb Raider : The Angel of Darkness,PS2,Core Design,Eidos Interactive,Adventure,0.75,,
Laser Squad,ZXSPECTRUM,Target Games Limited,Blade Software Ltd.,Strategy,0.9,,
Last Ninja 2,ZXSPECTRUM,System 3 Software,System 3 Software,Action,0.4,,
Last Resort,FBNEO,SNK,SNK,"Shoot'em Up / Horizontal, Shoot'em Up",0.8,,
Last Resort,NEOGEO,SNK,SNK,Shoot'em up / Horizontal,0.8,,
Laura,GBC,Planet Interactive,Ubisoft,Casual Game,0.6,,
Lazlos' Leap,GB,HectorSoft,DTMC,Puzzle-Game,0.7,,
Le Mans 24,MODEL3,SEGA,SEGA,"Race, Driving",0.7,,
League Bowling,FBNEO,SNK,SNK,"Sports / Bowling, Sports",0.6,,
League Bowling,NEOGEO,SNK,SNK,Sports / Bowling,0.65,,
Learning With Leeper,COLECOVISION,Sierra,Sierra On-Line,Educational,,,
Led Storm,FBNEO,Capcom,Capcom,"Race, Driving, Race, Driving / Race",,,
Legacy of Kain : Soul Reaver,DREAMCAST,Crystal Dynamics,Eidos Interactive,"Adventure, Action / Adventure, Action",0.8,,
Legend of Hero Tonma,PCENGINE,Irem,Irem,"Action, Platform",0.6,,
Legend Of Heroes,FBNEO,Limenko,Limenko,Fight / 2.5D,0.7,,
Legend of Success Joe,NEOGEO,Wave,SNK,Fight / 2D,0.3,,
Legend of the Amazon Women,ZXSPECTRUM,Simon Ffinch,U.S. Gold,Action,,,
Legend of the River King GB,GBC,Victor Interactive,Natsume,Hunting and Fishing / Fishing,0.65,,
Legendary Wings,FBNEO,Capcom,Capcom,"Shoot'em Up / Vertical, Shoot'em Up",0.6,,
LEGO Island 2: The Brickster's Revenge,GBC,Crawfish Interactive Ltd.,Lego Media,"Race, Driving, Adventure",0.2,,
LEGO Racers (USA),PSX,GT Interactive,GT Interactive,"Race, Driving",0.6,,
Lego Star Wars II: The Original Trilogy,GAMECUBE,Traveller's Tales,LucasArts,Platform,0.8,,
LEGO Star Wars: The Video Game,GAMECUBE,Traveller's Tales,Eidos Interactive,Adventure,0.85,,
LEGO Stunt Rally,GBC,Graphic State Limited,Lego Media,"Race, Driving",0.7,,
Lemmings,GB,Ocean,Ocean,Puzzle-Game,0.6,,
Lemmings,MASTERSYSTEM,Probe Software,SEGA,Strategy,0.4,,
Lemmings,SNES,Sunsoft,Psygnosis,Strategy,0.75,,
Lethal Thunder,FBNEO,Irem,Irem,Shoot'em up / Vertical,0.5,,
Light Force,ZXSPECTRUM,Carter Follis Software Associates,FTL - Faster Than Light,Action,0.6,,
Lightening Force : Quest for the Darkstar,MEGADRIVE,Technosoft,SEGA,"Shoot'em Up, Action, Shoot'em Up / Horizontal",0.8,,
Lil' Monster,GBC,Kindle Imagine Develop,Agathe,Role playing games,0.4,,
Lilo & Stitch,GBA,Digital Eclipse,Ubisoft,Platform,0.6,,
Linking Logic,COLECOVISION,Fisher-Price,Fisher-Price,Puzzle-Game,,,
Liquid Kids,FBNEO,Taito,Taito,Platform / Fighter Scrolling,0.9,,
Little Nemo : The Dream Master,NES,Capcom,Capcom,Platform,0.8,,
Little Ninja Brothers,NES,Culture Brain,Culture Brain,Role Playing Games,0.6,,
Little Samson,NES,Sur De Wave,Taito,Platform,,,
LittleBigPlanet,PSP,SCE Studio Cambridge,Sony Computer Entertainment,Various,0.85,,
Loco-motion,FBNEO,Konami,Konami,Puzzle-Game / Glide,0.7,,
Lode Runner,FBNEO,Irem,Irem,Platform / Run Jump,0.9,,
Lode Runner,ZXSPECTRUM,Broderbund Software,Software Projects Ltd.,Platform,0.8,,
Logic Levels,COLECOVISION,Fisher-Price,Fisher-Price,Educational,,,
Lone Wolf - The Mirror of Death,ZXSPECTRUM,Mr. Micro Ltd.,Audiogenic Software Ltd.,Action,,,
Looping,COLECOVISION,Venture Line,Coleco,Shooter / Plane,0.65,,
Lop Ears,ZXSPECTRUM,,Players Software,,,,
Lords of Thunder,SEGACD,Red Company,Hudson,Shoot'em up / Horizontal,0.85,,
Los Angeles SWAT,ZXSPECTRUM,Sculptured Software,Mastertronic,Action,0.45,,
Lufia II : Rise of the Sinistrals,SNES,Neverland,Taito,Role playing games,0.8,,
Luigi's Mansion,GAMECUBE,Nintendo EAD,Nintendo,Adventure,0.75,,
Lumines II,PSP,Q Entertainment,Buena Vista Interactive,Puzzle,0.9,,
Lunar : The Silver Star,SEGACD,Working Designs,Working Designs,Role playing games,0.75,,
M.A.S.H.,COLECOVISION,20th Century Fox,20th Century Fox,,,,
M.C. Kids,NES,Virgin Interactive,Ocean,Platform,0.7,,
M&M's : Blast!,GBA,Pipe Dream Interactive,Majesco,Board game,0.7,,
Mach Breakers,FBNEO,Namco,,Sports,0.9,,
Macross Plus,FBNEO,Banpresto,Banpresto,Shoot'em up / Vertical,0.9,,
Madden NFL 2001,N64,EA Sports,Electronic Arts,"Sports, Sports / Football",0.6,,
Mag Max - Robo Centurion,ZXSPECTRUM,Nichibutsu,Imagine Software,Action,,,
Magic Carpet,ZXSPECTRUM,Andrew Gosling,Mastertronic,Action,,,
Magic Darts,NES,Romstar,Romstar,"Sports, Sports / Darts",0.4,,
Magic Johnson's Fast Break,NES,Arcadia Systems,Tradewest,"Sports, Sports / Basketball",0.4,,
Magic Sword: Heroic Fantasy,FBNEO,Capcom,Capcom,Platform / Fighter Scrolling,0.9,,
Magical Cat Adventure,FBNEO,Wintechno,Wintechno,Platform / Shooter Scrolling,0.7,,
Magical Drop II,NEOGEO,Data East,SNK,Puzzle-Game / Throw,0.55,,
Magical Drop III,FBNEO,Data East,Data East,"Puzzle-Game / Throw, Puzzle-Game",0.6,,
Magical Drop III,NEOGEO,Data East,Data East,Puzzle-Game / Throw,0.65,,
Magical Error Wo Sagase,FBNEO,Technosoft,Technosoft,Various,0.7,,
Magical Truck Adventure,MODEL3,SEGA,SEGA,Platform / Run Jump Scrolling,0.7,,
Magical Zunou Power,SEGASTV,SEGA,SEGA,Quiz / Japanese,,,
Magician Lord,FBNEO,ADK,SNK,"Platform / Shooter Scrolling, Platform",0.6,,
Magician Lord,NEOGEO,ADK,SNK,Platform / Shooter Scrolling,0.6,,
Magnetron,ZXSPECTRUM,Graftgold,Firebird,Action,0.8,,
Mahjong Gakuen Mild - Touma Soushirou Toujou,PCENGINE,Sankindo,FACE,Asiatic board game / Mahjong,,,
Major League Baseball Featuring Ken Griffey Jr.,N64,Angel,Nintendo,"Sports, Sports / Baseball",0.8,,
Manhunt,PS2,Rockstar North,Rockstar Games,Adventure,0.8,,
Manic Miner,ZXSPECTRUM,Matthew Smith,Software Projects,Action,0.8,,
Mappy,FBNEO,Namco,Namco,Platform / Run Jump,0.9,,
Mappy-Land,NES,TOSE,Taxan USA Corp.,Platform,0.4,,
Marauder,ZXSPECTRUM,Arcanum Software Developments,Hewson,"Race, Driving",,,
Marble Madness,MASTERSYSTEM,Tengen,Virgin Interactive,Action / Labyrinth,0.8,,
Mario & Luigi : Superstar Saga,GBA,Alpha Dream,Nintendo,Role Playing Games,0.8,,
Mario Clash,VIRTUALBOY,Nintendo,Nintendo,Platform,0.6,,
Mario Golf,N64,Camelot Software,Nintendo,"Sports, Sports / Golf",0.6,,
Mario Golf : Toadstool Tour,GAMECUBE,Camelot Software,Nintendo,Sports / Golf,0.85,,
Mario Kart : Double Dash!!,GAMECUBE,Nintendo EAD,Nintendo,"Racing, Driving",0.9,,
Mario Kart : Super Circuit,GBA,Intelligent Systems,Nintendo,"Race, Driving",0.8,,
Mario Kart 64,N64,Nintendo,Nintendo,"Race, Driving, Sports",0.8,,
Mario Kart Wii Deluxe,WII,FJRoyet,Deluxe Team,"Racing, Driving",,,
Mario Party,N64,Hudson,Nintendo,"Action, Strategy, Board Game",0.6,,
Mario Party 2,N64,Hudson,Nintendo,"Action, Board Game",0.8,,
Mario Party 3,N64,Hudson,Nintendo,"Casual Game, Action, Board Game",0.6,,
Mario Party 4,GAMECUBE,Nintendo,Nintendo,Strategy,0.7,,
Mario Party 5,GAMECUBE,Hudson,Nintendo,Strategy,0.7,,
Mario Party 6,GAMECUBE,Hudson,Nintendo,Strategy,0.7,,
Mario Party 7,GAMECUBE,Hudson,Nintendo,Strategy,0.75,,
Mario Power Tennis,GAMECUBE,Camelot Software,Nintendo,Sports / Tennis,0.8,,
Mario Superstar Baseball,GAMECUBE,Namco,Nintendo,Sports / Baseball,0.7,,
Mario Tennis,N64,Camelot Software,Nintendo,"Sports, Sports / Tennis",0.6,,
Mario vs. Donkey Kong,GBA,Nintendo,Nintendo,"Action, Puzzle-Game",0.6,,
Mario's Tennis,VIRTUALBOY,Nintendo,Nintendo,Sports / Tennis,0.6,,
Mars Matrix: Hyper Solid Shooting,FBNEO,Takumi,Capcom,Shoot'em up / Vertical,0.7,,
Martial Champion,FBNEO,Konami,Konami,Fight / Versus,0.7,,
Martial Masters,FBNEO,IGS,IGS,Fight / Versus,0.9,,
Maru-Chan de Goo!,SEGASTV,SEGA,SEGA,Compilation,0.6,,
Marvel Land,FBNEO,Namco,Namco,Platform / Fighter Scrolling,0.7,,
Marvel Super Heroes,FBNEO,Capcom,Capcom,"Fight / Versus, Fight",0.8,,
Marvel Super Heroes,SATURN,Capcom,Capcom,Action,0.7,,
Marvel Super Heroes vs. Street Fighter,FBNEO,Capcom,Capcom,"Fight / Versus, Fight",0.8,,
Marvel vs. Capcom : Clash of Super Heroes,DREAMCAST,Capcom,Virgin,Fight,0.8,,
Marvel vs. Capcom : Clash of Super Heroes,FBNEO,Capcom,Capcom,Fight / Versus,0.85,,
Marvel vs. Capcom 2,DREAMCAST,Capcom,Virgin,Fight,0.8,,
Mask III : Venom Strikes Back,ZXSPECTRUM,Gremlin Interactive,Gremlin Graphics Software,Shoot'em up / Horizontal,,,
Master of Darkness,MASTERSYSTEM,Sims,SEGA,Platform,0.8,,
Masters Of Combat,MASTERSYSTEM,Sims,SEGA,Fight,,,
Match Day,ZXSPECTRUM,"Jon Ritman, Chris Clarke, Guy Stevens",Ocean,Sports / Soccer,,,
Match Day II,ZXSPECTRUM,Ocean,Ocean,Action,,,
Match Point,ZXSPECTRUM,"Psion Software Ltd, Steve Kelly",Sinclair Research,Sports,,,
Matrimelee,FBNEO,Noise Factory,SNK,Fight / Versus,0.85,,
Matrimelee,NEOGEO,Noise Factory,SNK,Fight / Versus,0.85,,
Mausuke no Ojama the World,SEGASTV,Data East,Data East,Puzzle-Game / Fall,0.7,,
Max Headroom,ZXSPECTRUM,Binary Design,Quicksilva,Strategy,,,
Max Payne,PS2,Rockstar Toronto,Rockstar Games,Shooter / TPV,0.8,,
Max Payne 2 : The Fall of Max Payne,PS2,Rockstar Vienna,Rockstar Games,Shooter / TPV,0.75,,
Maya the Bee & Her Friends,GBC,Crawfish Interactive,Acclaim,Strategy,,,
Mayhem,ZXSPECTRUM,"Mark Incley, Jason Kettle",The Power House,Action,,,
Maze Mania,ZXSPECTRUM,,Hewson,Puzzle-Game,,,
Maziacs,ZXSPECTRUM,dk'tronics,dk'tronics,Action,0.85,,
Mazinger Z,FBNEO,Dynamic PL,Banpresto,Shoot'em up / Vertical,0.65,,
"MechWarrior 2 : 31st Century Combat, Arcade Combat Edition",SATURN,Quantum Factory,Activision,"Shooter / Vehicle, 1st person",0.55,,
Medabots AX : Metabee Ver.,GBA,Natsume,Natsume,Fight / 2D,0.7,,
Medal of Honor : Frontline,PS2,Electronic Arts,Electronic Arts,Shooter / FPV,0.85,,
Medal of Honor : Infiltrator,GBA,Netherock,EA Games,Shooter / Run and Gun,0.75,,
Medal of Honor : Underground (USA),PSX,Electronic Arts,Dreamworks,"Shooter, Shooter / Fpv",0.8,,
Medal of Honor (USA),PSX,Dreamworks,Electronic Arts,"Shooter, Shooter / Fpv",0.8,,
MediEvil : Resurrection,PSP,SCEE Studio Cambridge,Sony,Platform,0.85,,
MediEvil (USA),PSX,SCE Studio Cambridge,Sony Computer Entertainment,Adventure,0.8,,
MediEvil II (USA),PSX,Sony,Sony,"Action, Action / Adventure, Adventure",0.8,,
Mega Bomberman,MEGADRIVE,Westone,SEGA,"Action, Action / Labyrinth",0.8,,
Mega Bucks,ZXSPECTRUM,"Ivan Horn, Andrew P. Deakin, M.B.D.",Firebird,Adventure,,,
Mega Man : The Wily Wars,MEGADRIVE,Capcom,Capcom,"Action, Platform",0.8,,
Mega Man & Bass,GBA,Capcom,Capcom,"Shooter, Action, Platform",0.6,,
Mega Man 2,NES,Capcom,Capcom,Platform,0.8,,
Mega Man 2: The Power Fighters,FBNEO,Capcom,Capcom,Fight /  Co-op,0.65,,
Mega Man 3,NES,Capcom,Capcom,Platform,0.8,,
Mega Man 4,NES,Capcom,Capcom,Platform,0.6,,
Mega Man 5,NES,Capcom,Capcom,Platform,0.6,,
Mega Man 64,N64,Capcom,Capcom,"Sports, Role Playing Games",0.4,,
Mega Man 7,SNES,Capcom,Capcom,Action,0.75,,
Mega Man 8,SATURN,Capcom,Capcom,Platform / Shooter Scrolling,0.85,,
Mega Man Battle Network,GBA,Capcom,Ubisoft,"Role Playing Games, Action",0.8,,
Mega Man X,SNES,Capcom,Capcom,Platform / Shooter Scrolling,0.8,,
Mega Man X2,SNES,Capcom,Capcom,Action,0.8,,
Mega Man X3,SNES,Capcom,Capcom,Action,0.8,,
Mega Man X4,SATURN,Capcom,Capcom,Platform / Run Jump,0.55,,
Mega Twins,FBNEO,Capcom,Capcom,Platform / Fighter Scrolling,0.8,,
Memory Manor,COLECOVISION,Frieda Lekkerkerker,Fisher-Price,Educational,,,
Men in Black : The Series,GBA,David A. Palmer Productions,Crave Entertainment,Platform,0.5,,
Mendel Palace,NES,Game Freak,Hudson,Strategy,0.6,,
Mercs,FBNEO,Capcom,Capcom,Shooter / Run and Gun,0.9,,
Mercs,MASTERSYSTEM,Tiertex,SEGA,"Shooter, Shooter / Run And Gun",0.8,,
Metal Arms : Glitch in the System,GAMECUBE,Swingin' Ape,Universal,Platform,0.85,,
Metal Black,FBNEO,Taito,Taito,Shoot'em up / Horizontal,0.7,,
Metal Gear Solid : Portable Ops,PSP,Kojima Productions,Konami,Action / Adventure,0.85,,
Metal Gear Solid (USA),PSX,Konami,Konami,"Shooter, Action",0.8,,
Metal Gear Solid 2 : Substance,PS2,Konami,Konami,Adventure,0.85,,
Metal Head,SEGA32X,SEGA,SEGA,Simulation,0.6,,
Metal Slug - Super Vehicle-001,FBNEO,Nazca,SNK,Shooter / Run and Gun,0.9,,
Metal Slug - Super Vehicle-001,NEOGEO,Nazca,SNK,Shooter / Run and Gun,0.9,,
Metal Slug 2 - Super Vehicle-001/II,FBNEO,SNK,SNK,Shooter / Run and Gun,0.85,,
Metal Slug 2 - Super Vehicle-001/II,NEOGEO,SNK,SNK,Shooter / Run and Gun,0.85,,
Metal Slug 3,FBNEO,SNK,SNK,"Platform / Shooter Scrolling, Platform, Shooter / Run And Gun, Shooter",0.8,,
Metal Slug 3,NEOGEO,SNK,SNK,Shooter / Run and Gun,0.8,,
Metal Slug 4,FBNEO,MEGA Enterprise,SNK,Shooter / Run and Gun,0.8,,
Metal Slug 4,NEOGEO,MEGA Enterprise,SNK,Shooter / Run and Gun,0.8,,
Metal Slug 5,FBNEO,SNK,SNK,Shooter / Run and Gun,0.85,,
Metal Slug 5,NEOGEO,SNK,SNK,Shooter / Run and Gun,0.85,,
Metal Slug X - Super Vehicle-001,FBNEO,SNK,SNK,Shooter / Run and Gun,0.9,,
Metal Slug X - Super Vehicle-001,NEOGEO,SNK,SNK,Shooter / Run and Gun,0.9,,
Metal Storm,NES,Tamtex,Irem,"Action, Platform",0.8,,
Metal Warriors,SNES,LucasArts,Konami,Platform,0.8,,
Metamoqester,FBNEO,Banpresto,Banpresto,Fight /  Co-op,0.85,,
Metamorphic Force,FBNEO,Konami,Konami,Beat'em Up,0.6,,
Meteoric Shower,COLECOVISION,Bit,Bit,Shooter,,,
Metroid,NES,Nintendo,Nintendo,Platform,0.8,,
Metroid : Zero Mission,GBA,Nintendo,Nintendo,"Action / Adventure, Platform, Action",0.8,,
Metroid Fusion,GBA,Nintendo,Nintendo,Platform,0.8,,
Metroid Prime,GAMECUBE,Retro,Nintendo,Shooter / FPV,0.8,,
Metroid Prime 2 : Echoes,GAMECUBE,Retro,Nintendo,Shooter / FPV,0.9,,
Metropolis Street Racer,DREAMCAST,Bizarre Creations,SEGA,"Race, Driving",0.8,,
Miami Vice,ZXSPECTRUM,Canvas,Ocean,Shoot'em Up,,,
Michael Jackson's Moonwalker,FBNEO,SEGA,SEGA,Action / Labyrinth,0.7,,
Michael Jackson's Moonwalker,MASTERSYSTEM,ARC,SEGA,Platform,0.8,,
Mickey's Adventure in Numberland,NES,Beam Software,Hi Tech Expressions,Educational,0.6,,
Mickey's Dangerous Chase,GB,Now,Capcom,Platform,0.7,,
Mickey's Ultimate Challenge,GB,Designer Software,Hi-Tec Software,Puzzle-Game,0.7,,
Mickey's Ultimate Challenge,MASTERSYSTEM,Master Designer Software,Tectoy,Strategy,0.7,,
Micro Machines,MASTERSYSTEM,Codemasters,Codemasters,"Race, Driving",0.6,,
Micro Machines - Turbo Tournament '96,MEGADRIVE,Supersonic Software,Codemasters,"Race, Driving",0.9,,
Micro Machines 2 - Turbo Tournament,GB,Supersonic Software,Supersonic Software,"Race, Driving",0.8,,
Micro Machines 2 - Turbo Tournament,MEGADRIVE,Codemasters,Codemasters,"Race, Driving",0.85,,
Micro Machines V4,PS2,Supersonic Software,Codemasters,"Racing, Driving",0.8,,
Micro Maniacs,GBC,Hyperion,THQ,"Race, Driving",0.75,,
Microman Battle Charge,SEGASTV,SEGA,SEGA,Various,0.3,,
Midnight Club 3 : DUB Edition,PS2,Rockstar Games,Rockstar Games,"Racing, Driving",0.85,,
Midnight Resistance,FBNEO,Data East,Data East,Platform / Shooter Scrolling,0.6,,
Might & Magic : Secret of the Inner Sanctum,NES,New World Computing's,Sammy,Role Playing Games,0.6,,
Mighty Final Fight,NES,Capcom,Capcom,Beat'em Up,0.6,,
Mighty Morphin Power Rangers,GB,Natsume,Bandai Namco,Beat'em Up,0.5,,
Mike Tyson's Punch-Out!!,NES,Nintendo,Nintendo,"Sports / Boxing, Sports",0.8,,
Military Madness,PCENGINE,Hudson,NEC,Strategy,0.6,,
Milk Race,ZXSPECTRUM,Icon Design,Mastertronic,Sports,,,
Millenium Winter Sports,GBC,Konami,Konami,Sports / Multisports,0.8,,
Millipede,FBNEO,Atari,Atari,Shooter / Space Invaders Like,0.9,,
Minder,ZXSPECTRUM,"Don Priestley, Ed Hickman",dk'tronics,Strategy,,,
Minecraft,PORTS,,,,,,
Mined-Out,ZXSPECTRUM,Quicksilva,Microparadise Software,Strategy,0.4,,
Miner 2049er,COLECOVISION,Big Five Software,Micro Fun,Platform,0.75,,
Minority Report : Everybody Runs,GBA,Torus Games,Activision,Beat'em Up,0.5,,
Mischief Makers,N64,Treasure,Nintendo,"Action, Adventure",0.8,,
Missile Command 3D,JAGUAR,Virtuality Entertainment,Atari,Shooter / Missile Command Like,0.7,,
Mizubaku Dai Bouken,PCENGINE,Taito,Taito,Platform,0.6,,
Mobile Suit Gundam: EX Revue,FBNEO,Allumer,Banpresto,Fight / 2D,0.5,,
Momoko 120%,FBNEO,Jaleco,Jaleco,Platform / Run Jump,0.5,,
Momotarou Katsugeki,PCENGINE,Hudson,Hudson,Platform,0.8,,
Money Puzzle Exchanger,FBNEO,SNK,SNK,Puzzle-Game / Throw,0.7,,
Money Puzzle Exchanger,NEOGEO,SNK,SNK,Puzzle-Game / Throw,0.7,,
Monkey Academy,COLECOVISION,Konami,Coleco,Educational,,,
Monopoly,MASTERSYSTEM,Nexa,SEGA,Board Game,0.6,,
Monster Force,GBA,Digital Eclipse,Universal Interactive,Shooter,0.85,,
Monster Pro Wrestling,PCENGINE,Lenar,ASK Kodansha,Fight,0.6,,
Monster Rancher 2 (USA),PSX,Tecmo,Tecmo,Role Playing Games,0.8,,
Montezuma's Revenge,COLECOVISION,Parker Brothers,Parker Brothers,Action,,,
Montezuma's Revenge featuring Panama Joe,MASTERSYSTEM,Parker Brothers,Parker Brothers,"Platform, Action",0.6,,
Moomin's Tale,GBC,Pixel,Sunsoft,Platform,0.65,,
Moon Cresta,FBNEO,Nichibutsu,Nichibutsu,Shoot'em up / Vertical,0.7,,
Moon Patrol,FBNEO,Irem,Irem,"Shooter / Vehicle, Horizontal",0.9,,
Moonsweeper,COLECOVISION,Imagic,Imagic,Shoot'em Up,0.55,,
Mortal Kombat,FBNEO,Midway,Midway,Fight / Versus,0.9,,
Mortal Kombat : Armageddon,PS2,Midway,Midway,Fighting,0.85,,
Mortal Kombat 2,FBNEO,Midway,Midway,Fight / Versus,0.8,,
Mortal Kombat 3,FBNEO,Midway,Midway,Fight / Versus,0.8,,
Mortal Kombat 3,MASTERSYSTEM,Software Creations,Tectoy,Fight / Versus,0.65,,
Mortal Kombat 4,N64,Eurocom,GT Interactive,"Action, Fight",0.6,,
Mortal Kombat II,MASTERSYSTEM,Probe Software,Acclaim,Fight,0.65,,
Mortal Kombat II,MEGADRIVE,Midway,Acclaim,"Fight, Action",0.6,,
Mortal Kombat II,SATURN,Midway,Acclaim,Action,0.65,,
Mortal Kombat II,SEGA32X,Probe Software,Acclaim,Fight,0.85,,
Mortal Kombat II,SNES,Midway,Acclaim,Action,0.8,,
Mortal Kombat Trilogy,N64,Midway,GT Interactive,"Race, Driving, Fight",0.6,,
Mortal Kombat Trilogy,SATURN,Point of View,Midway,Action,0.9,,
Mortal Kombat Trilogy (USA),PSX,Midway,Acclaim,Fight,0.6,,
Motocross Championship,SEGA32X,Artech Studios,SEGA,"Sports / Motorcycle Race, 3rd Pers.",0.6,,
Motocross Racer,COLECOVISION,Xonox,Xonox,"Race, Driving",0.6,,
MotorStorm : Arctic Edge,PSP,BigBig,Sony,"Racing, Driving",0.85,,
Motos,FBNEO,Namco,Namco,Various,0.7,,
Mountain King,COLECOVISION,E.F. Dreyer,Sunrise Software,Action,0.6,,
Mouse Shooter Gogo,FBNEO,Metro 3D,Metro 3D,Puzzle-Game / Throw,0.8,,
Mouse Trap,COLECOVISION,Exidy,Coleco,Action,0.9,,
Moving Target,ZXSPECTRUM,,Players Premier Software,Shoot'em Up,,,
Mr. Do!,COLECOVISION,Universal,"Coleco Industries, Inc.",Action,0.6,,
Mr. Do!,FBNEO,,,Action / Labyrinth,0.9,,
Mr. Do!'s Castle,COLECOVISION,Universal,Parker Brothers,Action,0.95,,
Mr. Do's Castle,FBNEO,Universal,Universal,Platform / Run Jump,0.9,,
Mr. Do's Wild Ride,FBNEO,,,Platform / Run Jump,0.7,,
Mr. Freeze,ZXSPECTRUM,David T. Clark,Firebird,Action,,,
MrBoom,MRBOOM,Remdy Software,Libretro,Action,0.9,,
MRC: Multi-Racing Championship,N64,Genki,Ocean,"Race, Driving",0.6,,
Ms. Pac-Man,FBNEO,Coleco,Coleco,Action / Labyrinth,0.9,,
Ms. Pac-Man,MASTERSYSTEM,Tengen,Tengen,"Action, Action / Labyrinth",0.6,,
MTV Sports : Pure Ride,GBC,Visual Impact,THQ,"Race, Driving",0.75,,
MUSHA : Metallic Uniframe Super Hybrid Armor,MEGADRIVE,Compile,Seismic,"Action, Shoot'em Up / Vertical, Shoot'em Up",0.8,,
Mutants,ZXSPECTRUM,Denton Designs,Ocean,Action,,,
Mutation Nation,FBNEO,SNK,SNK,Beat'em Up,0.65,,
Mutation Nation,NEOGEO,SNK,SNK,Beat'em Up,0.65,,
Mysterium,GB,Maxis Software,Asmik,Action / Labyrinth,0.05,,
Mystic Riders,FBNEO,Irem,Irem,Shoot'em up / Horizontal,0.7,,
Mystic Warriors,FBNEO,Konami,Konami,Fight / 2D,0.7,,
Mystical Ninja Starring Goemon,GB,Konami,Konami,"Action, Role Playing Games",0.6,,
Mystical Ninja Starring Goemon,N64,Konami,Konami,Adventure,0.8,,
Myth - History in the Making,ZXSPECTRUM,System 3 Software,System 3 Software,Action,0.85,,
Nail'n Scale,GB,Data East,Data East,Action,0.65,,
NAM-1975,FBNEO,SNK,SNK,"Shooter, Shooter / 3Rd Person",0.8,,
NAM-1975,NEOGEO,SNK,SNK,Shooter / 3rd person,0.8,,
Namco Museum 64,N64,Mass Media,Namco,"Race, Driving, Compilation",0.6,,
NARC,FBNEO,Williams,Williams,Platform / Shooter Scrolling,0.9,,
NASCAR 2000,GBC,Software Creations,THQ,"Race, Driving",,,
NASCAR Heat,GBC,Game Titan,Majesco,"Race, Driving",,,
NASCAR Racers,GBC,Digital Eclipse,Majesco,"Race, Driving",,,
"Nations, The - Land Of Legends",GBC,NEON,JoWood Produtions,Adventure,0.8,,
Naxat Stadium,PCENGINE,Sting Entertainment,Naxat Soft,Sports / Baseball,0.5,,
NBA All Star Challenge 2,GB,Beam Software,LJN,Sports / Basketball,0.5,,
NBA Hang Time,MEGADRIVE,Funcom,Funcom,"Action, Sports, Sports / Basketball",0.6,,
Nba Hangtime,FBNEO,Midway,Midway,Sports / Basketball,0.9,,
NBA Hoopz,GBC,Torus Games,Midway,Sports / Basketball,0.5,,
NBA Jam,FBNEO,Midway,Midway,Sports / Basketball,0.9,,
NBA Jam,MEGADRIVE,Iguana Entertainment,Arena Entertainment,"Various, Sports, Sports / Basketball",0.6,,
NBA Jam : Tournament Edition,GB,Torus Games,Acclaim,Sports / Basketball,0.8,,
NBA Jam : Tournament Edition,MEGADRIVE,Iguana Entertainment,Acclaim,"Sports / Basketball, Sports",0.6,,
NBA Jam : Tournament Edition,SEGA32X,Iguana Entertainment,Acclaim,Sports / Basketball,0.8,,
NBA Jam : Tournament Edition,SNES,Iguana Entertainment,Acclaim,Sports / Basketball,0.9,,
NBA Live 96,GB,Tiertex,Black Pearl Software,Sports / Basketball,0.6,,
NBA Live 96,MEGADRIVE,EA Sports,Electronic Arts,"Sports, Sports / Basketball",0.8,,
NBA Live 99,N64,Nufx,EA Sports,"Sports, Sports / Basketball",0.6,,
Necris Dome,ZXSPECTRUM,,Codemasters,Adventure,,,
Need for Speed : Most Wanted,GAMECUBE,Electronic Arts,Electronic Arts,"Racing, Driving",0.85,,
Need for Speed : Underground 2,PS2,Electronic Arts,Electronic Arts,"Racing, Driving",0.9,,
Nemesis,FBNEO,Konami,Konami,Shoot'em up / Horizontal,0.9,,
Nemesis the Warlock,ZXSPECTRUM,Creative Reality,Martech Games,Action,0.75,,
Nemo,FBNEO,Capcom,Capcom,Platform / Fighter Scrolling,0.9,,
Neo Bomberman,NEOGEO,SNK,Hudson,Action / Labyrinth,0.75,,
Neo Drift Out - New Technology,FBNEO,SNK,SNK,"Race, Driving / Race",0.7,,
Neo Drift Out - New Technology,NEOGEO,SNK,SNK,"Race, Driving / Race",0.7,,
Neo Mr. Do!,NEOGEO,Visco,SNK,Action / Labyrinth,0.9,,
Neo Turf Masters,FBNEO,Nazca,SNK,Sports / Golf,0.9,,
Neo Turf Masters,NEOGEO,Nazca,SNK,Sports / Golf,0.9,,
Neo-Geo Cup '98 - The Road to the Victory,NEOGEO,SNK,SNK,Sports / Soccer,0.7,,
Nerae! Super Goal,SEGASTV,SEGA,SEGA,Sports / Soccer,,,
Nester's Funky Bowling,VIRTUALBOY,Saffire Corporation,Nintendo,Sports / Bowling,0.6,,
Neutopia,PCENGINE,Hudson,NEC,"Action, Adventure",0.8,,
Neutopia II,PCENGINE,Hudson,Hudson,"Action, Adventure",0.6,,
New Adventure Island,PCENGINE,Hudson,Hudson,Platform,0.6,,
NEW Super Mario Bros,WII,,,,0,,
NEWER Super Mario Bros,WII,,,,0,,
NFL '95,MEGADRIVE,Double Diamond Sports,SEGA,Sports / Football,,,
NFL Blitz,GBC,Digital Eclipse,Midway,Sports / Football,0.45,,
NFL Blitz,N64,Midway,Midway,"Sports, Sports / Football",0.8,,
NFL Blitz : Special Edition,N64,Point Of View,Midway,"Sports, Sports / Football",0.6,,
NFL Blitz 2001,GBC,Morning Star Multimedia,Midway,Sports / Football,,,
NFL Blitz 2001,N64,Midway,Midway,"Sports, Sports / Football",0.6,,
NFL Quarterback Club,SEGA32X,Iguana Entertainment,Acclaim,Sports / Football,0.6,,
NHL '94,MEGADRIVE,High Score Productions,Electronic Arts,Sports / Hockey,0.9,,
NHL 96,SNES,High Score Productions,Electronic Arts,Sports,0.5,,
NHL 99,N64,MBL Research,EA Sports,"Sports, Sports / Hockey",0.6,,
NHL All-Star Hockey '95,MEGADRIVE,Gray Matter,SEGA,"Sports, Sports / Hockey",,,
NHL Blades of Steel 2000,GBC,Konami,Konami,Sports / Hockey,0.8,,
NHLPA Hockey 93,MEGADRIVE,Park Place Productions,Electronic Arts,"Sports, Sports / Hockey",0.8,,
Nibbler,FBNEO,Rock-Ola,Rock-Ola,Action / Labyrinth,0.9,,
Nigel Mansell's Grand Prix,ZXSPECTRUM,DJL Software Ltd.,Martech Games,Simulation,0.6,,
Night Shift,ZXSPECTRUM,Attention To Detail,U.S. Gold,Action,,,
Night Slashers,FBNEO,Data East,Data East,Fight / 2.5D,0.7,,
Night Warriors: Darkstalkers' Revenge,FBNEO,Capcom,Capcom,Fight / Versus,0.7,,
Nightmare in the Dark,FBNEO,AM Factory,SNK,Platform / Run Jump,0.6,,
Nightmare in the Dark,NEOGEO,AM Factory,SNK,Platform / Run Jump,0.6,,
NiGHTS into Dreams...,SATURN,Sonic Team,SEGA,Action / Adventure,0.8,,
NikoChan Battle,VIRTUALBOY,Bullet Proof Software,Bullet Proof Software,Shooter / 1st person,0.4,,
Ninja Baseball Bat Man,FBNEO,Irem,Irem,Fight / 2.5D,0.8,,
Ninja Combat,NEOGEO,Alpha Denshi,SNK,Beat'em Up,0.75,,
Ninja Commando,FBNEO,ADK,SNK,Shooter / Run and Gun,0.8,,
Ninja Commando,NEOGEO,ADK,SNK,Shooter / Run and Gun,0.8,,
Ninja Five-0,GBA,Hudson,Konami,Platform,0.65,,
Ninja Gaiden,MASTERSYSTEM,Sims,SEGA,Platform,0.8,,
Ninja Gaiden,PCENGINE,Tecmo,Hudson,Platform,0.7,,
Ninja Gaiden II : The Dark Sword of Chaos,NES,Tecmo,Tecmo,"Beat'em Up, Action",0.8,,
Ninja Hamster,ZXSPECTRUM,,CRL Group,Action,,,
Ninja Master's: Haō Ninpō Chō,NEOGEO,ADK,SNK,Fight / Versus,0.7,,
Ninja Spirit,FBNEO,Irem,Irem,Fight / 2D,0.9,,
Ninja Spirit,PCENGINE,Irem,Irem,"Action, Platform",0.8,,
No Fear - Downhill Mountain Biking,GBC,Codemasters,THQ,Sports / Cycling,,,
Nobunaga's Ambition II,NES,Koei,Koei,Strategy,0.8,,
Nonterraqueous,ZXSPECTRUM,"Stephen N. Curtis, Mark Jacobs",Mastertronic,Action,,,
North Star,ZXSPECTRUM,Sentient Software,Gremlin Graphics Software,Action,,,
Nosferatu the Vampyre,ZXSPECTRUM,Design Design,Piranha,Adventure,0.8,,
Nostradamus,FBNEO,FACE,FACE,Shoot'em up / Vertical,0.5,,
Nova Blast,COLECOVISION,Imagic,Imagic,Shoot'em up / Horizontal,,,
O'leary Manager 2000,GBC,LiveMedia UK,Ubisoft,Sports / Soccer,0.8,,
Oddworld : Abe's Oddysee (USA),PSX,Oddworld Inhabitants,GT Interactive,"Adventure, Platform",0.8,,
Ogre Battle : The March of the Black Queen,SNES,Quest,Enix,Strategy,0.75,,
Ogre Battle 64 : Person of Lordly Caliber,N64,Quest,Atlus,"Role Playing Games, Strategy",0.8,,
Oh Mummy!!,ZXSPECTRUM,Gem Software,Gem Software,Action,0.6,,
Oh My God!,FBNEO,Atlus,Atlus,Puzzle-Game / Fall,0.5,,
Oil's Well,COLECOVISION,Sierra,Sierra On-Line,Action / Labyrinth,0.6,,
Okami,PS2,Clover,Capcom,Adventure,0.95,,
Olympiad '86,ZXSPECTRUM,Barry Jones,Atlantis Software,Sports,,,
Olympic Gold,MASTERSYSTEM,U.S. Gold,U.S. Gold,Sports / Multisports,0.55,,
Olympic Summer Games,GB,Tiertex,Black Pearl Software,Sports / Multisports,0.7,,
Omega Boost (USA),PSX,Polyphony Digital,Sony,"Shooter, Action",0.8,,
Omega Race,COLECOVISION,Bally Midway,Coleco,Action,0.65,,
On the Run,ZXSPECTRUM,"Graham Stafford, Stuart J. Ruecroft, Jon Ritman",Design Design Software,Action,,,
One-on-One,COLECOVISION,Micro Fun,Micro Fun,Sports,0.4,,
Operation C,GB,Konami,Ultra Games,Shooter / Run and Gun,0.9,,
Operation Thunderbolt,ZXSPECTRUM,Taito,Ocean,Action,,,
Operation Wolf,ZXSPECTRUM,Taito,Ocean,Action,0.75,,
Orc Attack,ZXSPECTRUM,"Phil Snell, Dean Lock",Creative Sparks,Action,,,
Ordyne,FBNEO,Namco,Namco,Shoot'em up / Horizontal,0.6,,
Oriental Legend / Xi You Shi E Zhuan,FBNEO,IGS,IGS,Fight / 2.5D,0.7,,
Osman,FBNEO,Mitchell,Mitchell,Platform / Fighter Scrolling,0.7,,
Othello Shiyouyo,SEGASTV,Success,Success,Asiatic board game / Othello,0.7,,
Out Run,FBNEO,SEGA,SEGA,"Race, Driving, Race 3Rd Pers. View",0.8,,
Out Run,PCENGINE,NEC,SEGA,"Race, Driving",0.65,,
Out Run,ZXSPECTRUM,SEGA,U.S. Gold,"Race, Driving",,,
Out Run 3-D,MASTERSYSTEM,SEGA,SEGA,"Race, Driving",,,
Out Zone,FBNEO,Toaplan,Toaplan,Shooter / Run and Gun,0.7,,
Outlaw,ZXSPECTRUM,"Bizarre Computer Productions, Martin Severn",Players Premier Software,Shoot'em Up,,,
Outtrigger,DREAMCAST,AM2,SEGA,"Shooter / 3Rd Person, Shooter",0.6,,
Over Horizon,NES,Pixel,Takara,Shoot'em up / Horizontal,0.8,,
Over Top,FBNEO,ADK,SNK,"Race, Driving / Race",0.9,,
Over Top,NEOGEO,ADK,SNK,"Race, Driving / Race",0.9,,
Overlander,ZXSPECTRUM,Elite Systems,Elite Systems,"Race, Driving",,,
Overlord,NES,Probe Software,Virgin,Strategy,0.4,,
Override,PCENGINE,Sting Entertainment,Data East,Shoot'em up / Vertical,0.75,,
P-47 - The Freedom Fighter,PCENGINE,NMK,Aicom,Shoot'em up / Horizontal,0.8,,
P-47 - The Phantom Fighter,FBNEO,Jaleco,Jaleco,Shoot'em up / Horizontal,0.5,,
P-47 Aces,FBNEO,Jaleco,Jaleco,Shoot'em up / Horizontal,0.7,,
P.O.W.: Prisoners of War,FBNEO,SNK,SNK,Fight / 2.5D,0.7,,
Pac-In-Time,GB,Atreid Concept SA,Namco,Platform,0.7,,
Pac-Land,FBNEO,Namco,Namco,Platform / Run Jump Scrolling,0.8,,
Pac-Land,ZXSPECTRUM,Namco,Grandslam Entertainment Ltd.,Action,,,
Pac-Man,FBNEO,Coleco,Coleco,Action / Labyrinth,,,
Pac-Man,NES,Namco,Namco,"Action, Action / Labyrinth",0.8,,
Pac-Man : Special Color Edition,GBC,Namco,Namco,Action / Labyrinth,0.8,,
Pac-Mania,MASTERSYSTEM,Tecmagik,Tecmagik,"Action, Action / Labyrinth",0.6,,
Pac-Mania,MEGADRIVE,Sculptured Software,,"Action, Action / Labyrinth",0.6,,
Pac-Mania,ZXSPECTRUM,Namco,Grandslam Entertainment Ltd.,Action / Labyrinth,0.8,,
Pandora's Palace,FBNEO,Konami,Konami,Platform / Run Jump,0.9,,
Panic Bomber,NEOGEO,SNK,Hudson,Puzzle-Game / Fall,0.65,,
Panic Bomber,VIRTUALBOY,Hudson,Nintendo,Puzzle-Game,0.65,,
Panzer Dragoon,SATURN,Team Andromeda,SEGA,Action,0.8,,
Paper Mario,N64,Intelligent Systems,Nintendo,Role Playing Games,0.8,,
Paper Mario : The Thousand-Year Door,GAMECUBE,Intelligent Systems,Nintendo,Role Playing Game / Japanese RPG,0.95,,
Papyrus,GBC,Dupuis,Ubisoft,Platform,0.7,,
Para Academy,ZXSPECTRUM,"Ian Richards, John Cassells",Zeppelin Games,Sports,,,
PaRappa the Rapper (USA),PSX,Nanaon-Sha,Sony,Music And Dance,0.6,,
Parasite Eve (USA),PSX,Squaresoft,Squaresoft,"Adventure / Survival Horror, Adventure",0.8,,
Parasite Eve II (Europe),PSX,Squaresoft,Squaresoft,"Adventure / Survival Horror, Adventure",0.8,,
Parodius Da!,FBNEO,Konami,Konami,Shoot'em up / Horizontal,0.9,,
Pebble Beach - The Great Shot,SEGASTV,T&E Soft,T&E Soft,Sports / Golf,0.7,,
Peggle,PSP,PopCap Games,PopCap Games,Action,0.65,,
Pengo,FBNEO,,,Action / Labyrinth,0.9,,
Penguin Brothers,FBNEO,Ago,Subsino,Platform,0.9,,
Penguin-kun Wars,FBNEO,UPL,UPL,Sports / Dodgeball,0.7,,
Penny Racers,N64,Locomotive Corporation,THQ,"Race, Driving",0.4,,
Pepper II,COLECOVISION,Exidy,Coleco,Action,0.8,,
Perfect Dark,N64,Rareware,Rareware,"Shoot'em Up, Shooter / 1St Person, Shooter",0.8,,
Perfect Dark Recompiled,PORTS,fgsfdsfgs,,Shooter,,,
Persona 2: Eternal Punishment,PSP,Atlus,"Atlus Co., Ltd.",Role-Playing,,,
PES 2011 : Pro Evolution Soccer,PS2,Konami,Konami,Sports / Football (Soccer),0.7,,
PGA European Tour,GB,Unexpected Development,Malibu Games,Sports / Golf,0.45,,
PGA Tour 96,GB,Unexpected Development,Electronic Arts,Sports / Golf,0.65,,
PGA Tour Golf,MEGADRIVE,Sterling Silver Software,Electronic Arts,"Sports, Sports / Golf",0.6,,
PGA Tour Golf II,MEGADRIVE,Polygames,Electronic Arts,"Sports, Sports / Golf",,,
Phantasy Star,MASTERSYSTEM,SEGA,SEGA,Role Playing Games,0.8,,
Phantasy Star II,MEGADRIVE,SEGA,SEGA,Role Playing Games,0.6,,
Phantasy Star III : Generations of Doom,MEGADRIVE,SEGA,SEGA,Role Playing Games,0.8,,
Phantom Air Mission,GB,Imagineer,Activision,Simulation,0.6,,
Phelios,FBNEO,Namco,Namco,Shoot'em up / Vertical,0.6,,
Phoenix,FBNEO,Amstar,Centuri,Shoot'em Up,0.8,,
Pikmin,GAMECUBE,Nintendo,Nintendo,Strategy,0.8,,
Pikmin 2,GAMECUBE,Nintendo,Nintendo,Strategy,0.8,,
Pilotwings 64,N64,Nintendo,Nintendo,"Strategy, Simulation",0.8,,
Pinball Deluxe,GB,Spidersoft,GameTek,Compilation,0.75,,
Pinball Dreams,GB,Digital Illusions,GameTek,Pinball,0.5,,
Pinball Fantasies,JAGUAR,Spidersoft,20Th Century Fox,Pinball,0.4,,
Pinball Mania,GB,Spidersoft Limited,GameTek,Pinball,0.4,,
Pink Panther : Pinkadelic Pursuit,GBA,SuperEmpire Interactive,Wanadoo Edition,Platform,0.75,,
Pinocchio,MEGADRIVE,Virgin Interactive,Disney Interactive,Platform / Run Jump Scrolling,0.65,,
Pinocchio,SNES,Virgin Interactive,Disney Interactive,Action,0.7,,
Pitfall : The Mayan Adventure,JAGUAR,Imagitec Design,Activision,"Platform, Platform / Run Jump",0.8,,
Pitfall : The Mayan Adventure,SEGA32X,Big Bang Software,Activision,Platform / Run Jump,0.6,,
Pitfall II: Lost Caverns,COLECOVISION,Activision,Activision,Platform,0.7,,
Pitfall!,COLECOVISION,Activision,Activision,Platform,0.8,,
Pitstop,COLECOVISION,Epyx,Epyx,Simulation,0.6,,
Platoon,ZXSPECTRUM,Ocean,Ocean,Action,0.9,,
Player Manager 2001,GBC,G3 Interactive,THQ,Simulation,0.65,,
Pleasure Goal : 5 on 5 Mini Soccer,FBNEO,Saurus,SNK,Sports / Soccer,0.75,,
Pleasure Goal : 5 on 5 Mini Soccer,NEOGEO,Saurus,SNK,Sports / Soccer,0.75,,
Plotting,FBNEO,Taito,Taito,Puzzle-Game / Throw,0.8,,
Plotting,ZXSPECTRUM,Taito,Ocean,Strategy,,,
Plus Alpha,FBNEO,Jaleco,Jaleco,Shoot'em up / Vertical,0.7,,
Pochi and Nyaa,NEOGEO,Aiky,Taito,Puzzle-Game / Fall,0.7,,
Pocket Gal Deluxe,FBNEO,,Data East,Sports / Pool,0.7,,
Pocket GT,GBC,M2TO,Interplay,"Race, Driving",0.75,,
Pocky & Rocky,SNES,Natsume,Natsume,Action,0.85,,
Pogo,ZXSPECTRUM,R&R Software,Ocean,Action,,,
Pokémon : Blue Version,GB,Game Freak,Nintendo,Role playing games,0.9,,
Pokémon : Red Version,GB,Game Freak,Nintendo,Role playing games,0.9,,
Pokémon Pinball : Ruby & Sapphire,GBA,Jupiter Corporation,Nintendo,Pinball,0.6,,
Pokémon Puzzle League,N64,Nintendo,Nintendo,Puzzle-Game,0.8,,
Pokémon Sapphire Version,GBA,Game Freak,Nintendo,Role Playing Games,0.8,,
Pokémon Snap,N64,HAL Laboratory,Nintendo,Simulation,0.6,,
Pokémon Stadium,N64,HAL Laboratory,Nintendo,"Strategy, Fight",0.6,,
Pokémon Stadium 2,N64,HAL Laboratory,Nintendo,"Strategy, Fight",0.6,,
Pokémon Yellow Special Pikachu Edition,GB,Game Freak,Nintendo,Role Playing Games,0.8,,
Pong : The Next Level,GBC,Eastridge Technology,Hasbro Interactive,Puzzle-Game,1,,
Pooyan,FBNEO,Konami,Stern,Shooter / 3rd person,0.9,,
Pop 'n Bounce,NEOGEO,SNK,SNK,Action / Breakout games,0.7,,
Pop'n Twinbee,SNES,Konami,Konami,Action,0.95,,
Pop'n Twinbee - Rainbow Bell Adventure,SNES,Konami,Konami,Platform,0.75,,
Popeye,COLECOVISION,Nintendo,Parker Brothers,Action,0.8,,
Popeye,FBNEO,Nintendo,Nintendo,Platform / Run Jump,0.9,,
Popeye,ZXSPECTRUM,dk'tronics,dk'tronics,Action,,,
Popeye 2,ZXSPECTRUM,Bizarre Developments,Alternative Software,Action,,,
Popful Mail,SEGACD,Working Designs,SEGA,Action,0.75,,
Populous,GB,Bullfrog,Electronic Arts,Strategy,0.5,,
Poseidon - Planet Eleven,ZXSPECTRUM,PAL Developments,HiTech Software,Adventure,,,
Power Blade 2,NES,Natsume,Taito,Platform,0.8,,
Power Drive Rally,JAGUAR,Rage Software,Time Warner Interactive,"Race, Driving",0.6,,
Power Instinct,MEGADRIVE,Atlus,Atlus,Action,0.7,,
Power Monger,MEGADRIVE,Bullfrog,Electronic Arts,Strategy,0.8,,
Power Spikes II,NEOGEO,Video System,Taito,Sports / Volleyball,0.7,,
Power Stone,DREAMCAST,Capcom,Eidos Interactive,Fight,0.8,,
Power Stone 2,DREAMCAST,Capcom,Eidos Interactive,Fight,0.8,,
Power Stone Collection,PSP,Capcom,Capcom,Compilation,0.9,,
Power Strike,MASTERSYSTEM,SEGA,SEGA,"Shoot'em Up, Shoot'em Up / Vertical",0.6,,
Prehistoric Isle 2,NEOGEO,Yumekobo,SNK,Shoot'em up / Horizontal,0.7,,
Prehistoric Isle in 1930,FBNEO,SNK,SNK,Shoot'em up / Horizontal,0.7,,
Prehistorik Man,GB,Titus,Titus,Platform,0.55,,
Prehistorik Man,SNES,Titus,Titus,Action,0.85,,
Pretty Soldier Sailor Moon,FBNEO,Gazelle,Banpresto,Fight / 2.5D,0.8,,
Primal Rage,SATURN,Probe Entertainment,Time Warner Interactive,Action,0.5,,
Primal Rage,SEGA32X,Time Warner Interactive,SEGA,Action,0.7,,
Prince Naseem Boxing,GBC,Virtucraft,THQ,Sports / Boxing,,,
Prince of Persia,MASTERSYSTEM,Domark,SEGA,Platform,0.8,,
Prince of Persia,NES,Brøderbund Software,Mindscape,Platform,0.6,,
Prince of Persia,SNES,Arsys,Konami,Action,0.75,,
Prince of Persia : The Sands of Time,PS2,Ubisoft,Ubisoft,Platform,0.9,,
Prince of Persia: The Sands of Time,GAMECUBE,Ubisoft,Ubisoft,Platform,0.9,,
Princess Clara Daisakusen,SEGASTV,Atlus,Atlus,Action / Labyrinth,0.6,,
Prison Riot,ZXSPECTRUM,Players Software,Players Software,Action,,,
Pro Darts,GBC,Vicarious Vision,Vatical Entertainment,Sports / Darts,,,
Pro Mahjong Kiwame S,SEGASTV,Athena,Athena,Asiatic board game / Mahjong,,,
Pro Pool,GBC,Blade Interactive,Codemasters,Sports / Pool,0.65,,
Pro Yakyuu World Stadium '91,PCENGINE,Namco,Namco,Sports / Baseball,0.2,,
Pro-Pinball,SATURN,Cunning Developments,Interplay,Pinball,0.7,,
Probotector,NES,Konami,Konami,Platform,0.8,,
Probotector 2 - Return Of The Evil Forces,NES,Konami,Konami,Platform / Shooter Scrolling,0.85,,
Progear,FBNEO,Cave,Capcom,"Shoot'em Up / Horizontal, Shoot'em Up",0.8,,
Project Justice,DREAMCAST,Capcom,Virgin Interactive,Fight,0.8,,
Protector : Special Edition,JAGUAR,Bethesda Softworks,Songbird Productions,Shoot'em Up,0.85,,
Psycho Chaser,PCENGINE,Sting Entertainment,Naxat Soft,Action,0.65,,
Psycho-Nics Oscar,FBNEO,Data East,Data East,Platform / Shooter Scrolling,0.6,,
Pu·Li·Ru·La,FBNEO,Taito,Taito,Fight / 2.5D,0.7,,
Puck Man,FBNEO,,Namco,Action / Labyrinth,0.9,,
Pulstar,FBNEO,Aicom,SNK,Shoot'em up / Horizontal,0.85,,
Pulstar,NEOGEO,Aicom,SNK,Shoot'em up / Horizontal,0.85,,
Punch-out!!,FBNEO,Nintendo,Nintendo,Sports / Boxing,0.6,,
Punk Shot,FBNEO,Konami,Konami,Sports / Basketball,0.6,,
Pururun,FBNEO,Metro 3D,Banpresto,Various,0.7,,
Putt & Putter,MASTERSYSTEM,Sims,SEGA,"Sports, Sports / Golf",0.6,,
Putty Squad,SNES,System 3 Software,Ocean,Action,0.55,,
Puyo Puyo Sun,SEGASTV,Compile,Compile,Puzzle-Game / Fall,0.75,,
Puzz Loop,FBNEO,Mitchell,Mitchell,Puzzle-Game / Throw,0.9,,
Puzz Loop 2,FBNEO,Mitchell,Mitchell,Puzzle-Game / Throw,0.7,,
Puzzle & Action : Tanto-R,MEGADRIVE,SEGA,SEGA,Puzzle-Game,0.8,,
Puzzle & Action: Treasure Hunt,SEGASTV,SEGA,SEGA,Compilation,0.7,,
Puzzle Bobble,NEOGEO,Taito,Taito,Puzzle-Game / Throw,0.8,,
Puzzle Bobble 2,NEOGEO,Taito,Taito,Puzzle-Game / Throw,0.75,,
Puzzle Bobble 4,FBNEO,Taito,Taito,Puzzle-Game / Throw,0.9,,
Puzzle Club,SEGASTV,Yun Sung,Yun Sung,Action / Breakout games,0.7,,
Puzzle De Pon!,FBNEO,Visco,SNK,Puzzle-Game / Throw,0.85,,
Puzzle De Pon!,NEOGEO,Visco,SNK,Puzzle-Game / Throw,0.85,,
Puzzle Master,GBC,Metro 3D,Metro 3D,Puzzle-Game,,,
Puzzle Uo Poko,FBNEO,Cave,Jaleco,Puzzle-Game / Fall,0.85,,
Puzzled,FBNEO,SNK,SNK,Puzzle-Game / Fall,0.5,,
Puzzled,NEOGEO,SNK,SNK,Puzzle-Game / Fall,0.5,,
Puzznic,ZXSPECTRUM,Taito,Ocean,Strategy,,,
pygun,PYGAME,,,,,,
Pyjamarama,ZXSPECTRUM,Mikro-Gen Ltd,Mikro-Gen Ltd,Adventure,0.75,,
Q*bert,COLECOVISION,D. Gottlieb & Co.,Parker Brothers,Puzzle-Game,0.8,,
Q*bert,FBNEO,D. Gottlieb & Co.,D. Gottlieb & Co.,Platform / Run Jump,0.9,,
Q*bert's Qubes,COLECOVISION,Mylstar Electronics,Parker Brothers,Puzzle-Game,0.8,,
Q10 Tankbuster,ZXSPECTRUM,"Ian Richards, John Cassells",Zeppelin Games,Shoot'em Up,,,
Qix,FBNEO,Taito,Taito,Puzzle-Game,0.9,,
QuackShot Starring Donald Duck,MEGADRIVE,Disney Interactive,SEGA,"Platform, Action",0.6,,
Quake,TYRQUAKE,,,,0,,
Quake II,N64,Raster Productions,Activision,"Shooter, Shooter / 1St Person",0.4,,
Quartet,MASTERSYSTEM,SEGA,SEGA,Platform,0.6,,
Quazatron,ZXSPECTRUM,Graftgold,Erbe Software,Action,0.7,,
Quest : Fantasy Challenge,GBC,Imagineer,Sunsoft,Action / Labyrinth,,,
Quest for Camelot,GBC,Titus,Nintendo,Adventure,0.55,,
Quest for Quintana Roo,COLECOVISION,VSS,Sunrise Software,Adventure,0.45,,
Quick Draw McGraw,ZXSPECTRUM,"Twilight, Sean Conran",HiTech Software,Shoot'em Up,,,
Quiz Toukou Shashin,PCENGINE,Games Express,Games Express,Quiz,,,
R-Type,FBNEO,Irem,Irem,Shoot'em up / Horizontal,0.9,,
R-Type,MASTERSYSTEM,Compile,SEGA,"Shoot'em Up, Shoot'em Up / Horizontal",0.8,,
R-Type,PCENGINE,Irem,NEC,"Shoot'em Up, Shoot'em Up / Horizontal",0.6,,
R-Type II,FBNEO,Irem,Irem,Shoot'em up / Horizontal,0.9,,
R-Type III,SNES,Jaleco,Irem,Shoot'em up / Horizontal,0.9,,
R-Type Leo,FBNEO,Irem,Irem,Shoot'em up / Horizontal,0.8,,
R.B.I. Baseball 3,MEGADRIVE,Tengen,Atari,"Sports, Sports / Baseball",,,
R.B.I. Baseball 4,MEGADRIVE,Tengen,Atari,"Sports, Sports / Baseball",0.8,,
R.C. Pro-Am,NES,Rareware,Nintendo,"Race, Driving",0.6,,
R.C. Pro-Am II,NES,Rareware,Tradewest,"Race, Driving",0.6,,
"R4 : Ridge Racer Type 4 (Japan,USA)",PSX,Namco,Sony Computer Entertainment,"Race, Driving",0.8,,
Race Days,GB,Gremlin Interactive,GameTek,"Race, Driving",0.6,,
Radiant Silvergun,SEGASTV,Treasure,SEGA,Shoot'em up / Vertical,0.7,,
Rage of the Dragons,FBNEO,Evoga / Playmore,Playmore,Fight / Versus,0.7,,
Rage of the Dragons,NEOGEO,Evoga / Playmore,Playmore,Fight / Versus,0.7,,
Raiden,FBNEO,Seibu Kaihatsu,Fabtek,Shoot'em up / Vertical,0.9,,
Raiden,JAGUAR,Imagitec Design,Atari,Shoot'em up / Vertical,0.8,,
Raiden,PCENGINE,Seibu Kaihatsu,NEC,"Shoot'em Up, Action, Shoot'em Up / Vertical",0.6,,
Raiden Fighters 2 - Operation Hell Dive,FBNEO,Seibu Kaihatsu,Seibu Kaihatsu,Shoot'em up / Vertical,0.8,,
Raiden Fighters Jet,FBNEO,Seibu Kaihatsu,Seibu Kaihatsu,Shoot'em up / Vertical,0.9,,
Raiden II,FBNEO,Seibu Kaihatsu,Seibu Kaihatsu,Shoot'em up / Vertical,0.9,,
Raiga - Strato Fighter,FBNEO,Tecmo,Tecmo,Shoot'em up / Horizontal,0.5,,
Rainbow Islands - The Story of Bubble Bobble 2,ZXSPECTRUM,Taito,Ocean,Action,0.7,,
Rainbow Islands Extra,MEGADRIVE,Taito,Taito,Action,,,
Rally X,FBNEO,Namco,Namco,Action / Labyrinth,0.8,,
Rambo : First Blood Part II,MASTERSYSTEM,SEGA,SEGA,"Shooter / Run And Gun, Shooter",0.6,,
Rambo III,FBNEO,Ocean,SEGA,Shooter / 3rd person,0.6,,
Rambo III,ZXSPECTRUM,Ocean,Ocean,Action,0.7,,
Rampage,FBNEO,Bally Midway,Barcrest / Red Gaming,Fight,0.9,,
Rampage,MASTERSYSTEM,SEGA,SEGA,"Fight / 2D, Fight",0.6,,
Rampage,NES,Data East,Data East,Fight,0.6,,
Rampage : World Tour,N64,Saffire,GT Interactive,Puzzle-Game,0.6,,
Rampage: World Tour,FBNEO,Game Refuge,Midway,Fight,0.9,,
Rana Rama,ZXSPECTRUM,Graftgold,Hewson,Adventure,,,
Rastan,FBNEO,Taito,Taito,Platform / Fighter Scrolling,0.9,,
Rastan,MASTERSYSTEM,Taito,Taito,"Platform, Platform / Fighter Scrolling",0.6,,
Rastan,ZXSPECTRUM,Taito,Imagine Software,Action,0.7,,
Raster Runner,ZXSPECTRUM,Hitech Studio Designs,Mastertronic Plus,Action,,,
Rat Attack!,N64,Pure Entertainment,Mindscape,"Various, Puzzle-Game",0.6,,
Ratchet & Clank,PS2,Insomniac Games,Sony Computer Entertainment,Platform / Shooter Scrolling,0.9,,
Ratchet & Clank - Size Matters,PSP,High Impact Games,Sony Computer Entertainment,Platform,0.85,,
Ratchet & Clank : Going Commando,PS2,Insomniac Games,Sony Computer Entertainment,Platform / Shooter Scrolling,0.9,,
Ratchet & Clank : Up Your Arsenal,PS2,Insomniac Games,Sony Computer Entertainment,Platform / Shooter Scrolling,0.9,,
Rayman,JAGUAR,Ubisoft,Ubisoft,Platform,0.8,,
Rayman : Raving Rabbids,PS2,Ubisoft,Ubisoft,Casual Game,0.75,,
Rayman 2 : Revolution,PS2,Ubisoft,Ubisoft,Platform,0.85,,
Rayman 2 : The Great Escape,DREAMCAST,Ubisoft,Ubisoft,Platform,0.8,,
Rayman 3 : Hoodlum Havoc,GAMECUBE,Ubisoft,Ubisoft,Platform,0.9,,
Rayman Origins,WII,Ubisoft,Ubisoft,Action,0.9,,
Razor Freestyle Scooter,GBC,Crawfish Interactive,Crave Entertainment,Sports,0.75,,
RBI Baseball '95,SEGA32X,Atari,Time Warner Interactive,Sports / Baseball,0.5,,
Re-Volt,DREAMCAST,Acclaim,Acclaim,"Race, Driving",0.6,,
Ready 2 Rumble Boxing,DREAMCAST,Midway,Midway,"Sports / Boxing, Sports",0.8,,
Ready 2 Rumble Boxing,N64,Point Of View,Midway,"Sports, Sports / Boxing",0.6,,
Real Bout Fatal Fury,NEOGEO,SNK,SNK,Fight / Versus,0.9,,
Real Bout Fatal Fury 2 - The Newcomers,FBNEO,SNK,SNK,Fight / Versus,0.9,,
Real Bout Fatal Fury 2 - The Newcomers,NEOGEO,SNK,SNK,Fight / Versus,0.9,,
Real Bout Fatal Fury Special,NEOGEO,SNK,SNK,Fight / Versus,0.9,,
Recalhorn,FBNEO,Taito,Taito,Platform / Run Jump Scrolling,0.9,,
Reckless Rufus,ZXSPECTRUM,,Alternative,,,,
Red Alarm,VIRTUALBOY,Technical Engineering Support,Nintendo,Simulation,0.7,,
Red Dead Revolver,PS2,Rockstar San Diego,Take 2 Interactive,Shooter,0.85,,
Red Dog : Superior Firepower,DREAMCAST,Argonaut Software,SEGA,"Action / Adventure, Shooter / Vehicle, 3Rd Person, Shooter, Action",0.8,,
Red Faction II,PS2,Volition,THQ,Shooter / FPV,0.75,,
Reflectron,PCENGINE,Andrew Darovich,Aetherbyte,Shooter,,,
Renegade,MASTERSYSTEM,Natsume,SEGA,Beat'em Up,0.55,,
Renegade,ZXSPECTRUM,Taito,Imagine,Action,1,,
Renegade III - The Final Chapter,ZXSPECTRUM,Ocean,Imagine Software,Action,,,
Rescue,ZXSPECTRUM,Icon Design,Mastertronic,Action,,,
Rescue Heroes : Fire Frenzy,GBC,Vicarious Vision,Mattel,Action / Labyrinth,,,
Resident Evil,GAMECUBE,Capcom,Capcom,Adventure / Survival Horror,0.8,,
Resident Evil : Director's Cut (USA),PSX,Virgin,Capcom,"Adventure / Survival Horror, Adventure",0.8,,
Resident Evil 2 (USA),PSX,Capcom,Capcom,"Adventure, Adventure / Survival Horror",0.8,,
Resident Evil 3: Nemesis,GAMECUBE,Capcom,Capcom,Adventure / Survival Horror,0.75,,
Resident Evil 4,GAMECUBE,Capcom,Capcom,Adventure / Survival Horror,0.85,,
Resident Evil Code : Veronica,DREAMCAST,Capcom,Eidos Interactive,Adventure / Survival Horror,0.95,,
Resident Evil Zero,GAMECUBE,Capcom,Capcom,Adventure / Survival Horror,0.85,,
Resident Evil: Gaiden,GBC,M4,Capcom,,0.6,,
Retrotrivia,PYGAME,Lbrpdx,https://github.com/lbrpdx/retrotrivia,Quiz,,,
Rex,ZXSPECTRUM,Creative Reality,Martech Games,Action,,,
Rez,DREAMCAST,United Game Artists,SEGA,Shoot'em Up,0.8,,
Rhino Rumble,GBC,Lost Boys Games,Telegames,Adventure,0.5,,
Riddick Bowe Boxing,GB,Equilibrium,Extreme Entertainment,Sports / Boxing,0.45,,
Ridge Racer (USA),PSX,Namco,Namco,"Race, Driving",0.6,,
Ridge Racer 64,N64,Nintendo,Nintendo,"Race, Driving",0.8,,
Ridge Racer Revolution (USA),PSX,Namco,Namco,"Race, Driving",0.6,,
Riding Hero,NEOGEO,SNK,SNK,"Race, Driving / Motorcycle Race, 3rd Pers.",0.9,,
Ring of Destruction: Slam Masters II,FBNEO,Capcom,Capcom,Fight,0.7,,
Ring of Red,PS2,Konami,Konami,Strategy,0.8,,
Ring Rage,GB,Taito,Natsume,Sports / Wrestling,0.45,,
Riot City,FBNEO,SEGA,SEGA,Fight / 2.5D,0.5,,
Rip-tide Racer,GBC,Cryo Interactive,Cryo Interactive,"Race, Driving",,,
Rise of the Dragon,SEGACD,SEGA,Dynamix,Adventure,0.8,,
Risky Challenge,FBNEO,Irem,Irem,Puzzle-Game / Fall,0.7,,
Ristar,MEGADRIVE,SEGA,SEGA,"Platform, Action",0.8,,
River City Ransom,NES,Technos Japan Corp.,Infogrames,Beat'em Up,0.8,,
River Raid,COLECOVISION,Activision,Activision,"Action, Shoot'em Up / Vertical, Shoot'em Up",0.6,,
Road & Track Presents : The Need for Speed,SATURN,Pioneer Productions,Electronic Arts,"Race, Driving",0.8,,
Road Avenger,SEGACD,Wolf Team,SEGA,"Race, Driving",0.75,,
Road Champs : BXS Stunt Biking,GBC,HotGen,Activision,Sports / Cycling,0.6,,
Road Rash,SATURN,Buzz Puppet,Electronic Arts,"Race, Driving / Motorcycle Race, 3rd Pers.",0.65,,
Road Rash II,MEGADRIVE,Electronic Arts,Electronic Arts,"Race, Driving",0.6,,
Road Runner,SNES,Sunsoft,Sunsoft,Platform,0.55,,
Road Runner's Death Valley Rally,SNES,Sunsoft,Sunsoft,Platform,0.55,,
Robin Hood,COLECOVISION,Xonox,Xonox,Action,,,
Robin Hood,GBC,Planet Interactive,Electronic Arts,Role playing games,0.6,,
Robin of Sherwood - The Touchstones of Rhiannon,ZXSPECTRUM,Adventure International,Adventure International,Adventure,,,
Robo Aleste,SEGACD,Compile,SEGA,Shoot'em up / Vertical,0.7,,
Robo Army,FBNEO,SNK,SNK,Beat'em Up,0.6,,
Robo Army,NEOGEO,SNK,SNK,Beat'em Up,0.7,,
Robocop,FBNEO,Data East,Data East,Shooter / Run and Gun,0.6,,
RoboCop,ZXSPECTRUM,Ocean,Ocean,Action,0.8,,
Robocop 2,FBNEO,Data East,Data East,Fight / 2.5D,0.6,,
RoboCop 2,ZXSPECTRUM,Ocean,Ocean,Action,,,
Robocop 3,MASTERSYSTEM,Eden Entertainment Software,Flying Edge,Platform / Shooter Scrolling,0.55,,
RoboCop 3,ZXSPECTRUM,Probe Software Ltd.,Ocean,Action,,,
Robot Wars - Metal Mayhem,GBC,Tiertex,BBC Multimedia,Strategy,,,
Robotron 2084,ZXSPECTRUM,Williams,Atari,Action,,,
Robotron: 2084,FBNEO,Vid Kidz,Vid Kidz,Shooter,0.9,,
Roc 'n Rope,COLECOVISION,Konami,Coleco,Platform / Run Jump,0.7,,
Roc'n Rope,FBNEO,Konami,Konami,Platform / Run Jump,0.9,,
Rock 'n Bolt,COLECOVISION,Activision,Telegames,Action,,,
Rock 'N Roll Racing,GBA,Mass Media,Blizzard Classic Arcade,"Race, Driving",0.45,,
Rock n' Roll Racing,MEGADRIVE,Blizzard Entertainment,Interplay,"Race, Driving",0.75,,
Rock N' Roll Racing,SNES,Silicon & Synapse,Interplay,"Race, Driving",0.85,,
Rock-on,PCENGINE,Manjyudo,Big Club,Shoot'em up / Horizontal,0.6,,
Rocket Knight Adventures,MEGADRIVE,Konami,Konami,"Platform, Action",0.8,,
Rocky,PS2,Rage Software,Ubisoft,Sports / Boxing,0.85,,
Rocky - Super Action Boxing,COLECOVISION,Coleco,Coleco,Sports / Boxing,,,
Rocky Mountain Trophy Hunter,GBC,Xantera,Infogrames,Hunting and Fishing / Hunting,,,
Rod Land,FBNEO,Jaleco,Jaleco,Platform / Run Jump,0.7,,
Rod-Land,ZXSPECTRUM,Jaleco,Storm,Action,0.35,,
Roger Clemens Mvp Baseball,GB,Sculptured Software,LJN,Sports / Baseball,0.5,,
Rogue Galaxy,PS2,Level 5,Sony Computer Entertainment,Role Playing Game / Action RPG,0.85,,
Rohga Armor Force,FBNEO,Data East,Data East,Platform / Shooter Scrolling,0.6,,
Rollergames,FBNEO,Konami,Konami,Sports,0.5,,
Rolling Thunder,FBNEO,Namco,Namco,Shooter / Run and Gun,0.9,,
Rolling Thunder 2,FBNEO,Namco,Namco,Shooter / Run and Gun,0.9,,
Rolling Thunder 3,MEGADRIVE,Namco,Namco,Shooter / Run and Gun,0.8,,
Rolloverture,COLECOVISION,Sunrise Software,Sunrise Software,Strategy,,,
Romance of the Three Kingdoms II,MEGADRIVE,Koei,Koei,"Strategy, Action",0.6,,
Romance of the Three Kingdoms II,NES,Koei,Koei,Strategy,0.6,,
Romance of the Three Kingdoms II,SNES,Koei,Koei,Strategy,0.6,,
Rox,GBC,Altron,Titus,Puzzle-Game,,,
Ruff and Reddy in The Space Adventure,ZXSPECTRUM,PAL Developments,HiTech Software,Action,,,
Rugby World Cup 1995,MEGADRIVE,EA Sports,EA Sports,Sports / Rugby,0.65,,
Ruiner Pinball,JAGUAR,High Voltage,Atari,Pinball,0.6,,
Running Battle,MASTERSYSTEM,Opera House,SEGA,Beat'em Up,0.5,,
Rygar - Legendary Warrior,ZXSPECTRUM,Tecmo,U.S. Gold,Action,,,
Ryu Jin,FBNEO,Taito,Taito,Shoot'em up / Vertical,0.7,,
Ryukyu,PCENGINE,FACE,ASCII,Casino / Cards,0.6,,
Saboten Bombers,FBNEO,,,Platform / Run Jump,0.5,,
Saboteur,ZXSPECTRUM,Durell Software,Durell Software,Adventure,0.6,,
Saboteur II - Avenging Angel,ZXSPECTRUM,Durell Software,Durell Software,Action,,,
"Sabrina : The Animated Series, Spooked!",GBC,Wayforward,Simon & Schuster Interactive,Platform,0.65,,
"Sabrina : The Animated Series, Zapped!",GBC,Wayforward,Havas Interactive,Platform,0.6,,
Sagaia,MASTERSYSTEM,Natsume,Taito,"Shoot'em Up / Horizontal, Shoot'em Up",0.6,,
Sai Combat,ZXSPECTRUM,Mirrorsoft Ltd.,Mirrorsoft Ltd.,Simulation,,,
Saint Dragon,FBNEO,NMK,Jaleco,Shoot'em up / Horizontal,0.65,,
Salamander,FBNEO,Konami,Konami,Shoot'em up / Horizontal,0.9,,
Salamander,PCENGINE,Konami,Konami,Shoot'em up / Horizontal,0.85,,
Salamander,ZXSPECTRUM,"Andrew J. Glaister, Stuart J. Ruecroft",Imagine Software,Shoot'em Up,,,
Sammy Lightfoot,COLECOVISION,Sierra,Sierra On-Line,Action,,,
Samurai Aces,FBNEO,Psikyo,Psikyo,Shoot'em up / Vertical,0.9,,
Samurai Jack : The Amulet of Time,GBA,Virtucraft,Zoo Digital Publishing,Platform,0.9,,
Samurai Shodown,GB,Takara,Takara,Fight / Versus,0.75,,
Samurai Shodown,NEOGEO,SNK,SNK,Fight / Versus,0.75,,
Samurai Shodown II,FBNEO,SNK,SNK,"Fight, Fight / Versus",0.8,,
Samurai Shodown II,NEOGEO,SNK,SNK,Fight / Versus,0.8,,
Samurai Shodown III,FBNEO,SNK,SNK,"Fight, Fight / Versus",0.8,,
Samurai Shodown III,NEOGEO,SNK,SNK,Fight / Versus,0.85,,
Samurai Shodown IV - Amakusa's Revenge,NEOGEO,SNK,SNK,Fight / Versus,0.95,,
Samurai Shodown V,NEOGEO,Yuki Enterprise,SNK,Fight / Versus,0.9,,
Samurai Shodown V Special,FBNEO,Yuki Enterprise,SNK,Fight / Versus,0.9,,
Samurai Shodown V Special,NEOGEO,Yuki Enterprise,SNK,Fight / Versus,0.9,,
San Francisco Rush : Extreme Racing,N64,Midway,GT Interactive,"Race, Driving",0.6,,
Santa Claus Junior,GBC,NEON Software,JoWood Produtions,Action,0.7,,
Santatlantean,PCENGINE,Andrew Darovich,Aetherbyte,Shoot'em up / Horizontal,,,
SAR: Search And Rescue,FBNEO,SNK,SNK,Shooter / Run and Gun,0.5,,
Satan's Hollow,FBNEO,Arcade Engineering,Bally Midway,Shooter / Space Invaders Like,0.9,,
Saturday Night Slam Masters,FBNEO,Capcom,Capcom,Sports / Wrestling,0.9,,
Saturn Bomberman,SATURN,Hudson,Hudson,Action / Labyrinth,0.75,,
Savage,ZXSPECTRUM,Probe Software Ltd.,Firebird,Action,,,
Savage Reign,NEOGEO,SNK,SNK,Fight / Versus,0.7,,
Scooby-Doo Mystery,MEGADRIVE,Sunsoft,Acclaim,"Adventure, Platform",0.8,,
Scooby-Doo! : Classic Creep Capers,GBC,Digital Eclipse,THQ,Adventure,0.6,,
Scramble,FBNEO,Konami,Konami,Shoot'em up / Horizontal,0.9,,
Scramble Spirits,ZXSPECTRUM,SEGA,Grandslam Entertainment Ltd.,Action,,,
Scrambled Egg,FBNEO,Technos Japan,Tecmo,Action / Labyrinth,0.5,,
Scud Race,MODEL3,SEGA,SEGA,"Race, Driving / Race 3rd Pers. view",0.85,,
Scud Race Plus,MODEL3,Sega,Sega,Driving / Race (chase view),0.85,,
SD Gundam - Dimension War,VIRTUALBOY,Bandai Namco,Bandai Namco,Strategy,0.3,,
Sea Bass Fishing,SEGASTV,A Wave Inc,A Wave Inc,Hunting and Fishing / Fishing,0.7,,
Secret Agent,FBNEO,Data East,Data East,Shooter / Run and Gun,0.8,,
Secret of Evermore,SNES,Square Enix,Square Enix,Role playing games,0.75,,
Secret of Mana,SNES,Square,Square,Role playing games,0.8,,
Sector Alpha,COLECOVISION,Spectravision,Spectravision,Action,,,
Sega Ages - Outrun,SATURN,AM R&D Dept. #2,SEGA,"Race, Driving",0.7,,
Sega Bass Fishing,MODEL3,SEGA,SEGA,Hunting and Fishing / Fishing,0.7,,
Sega GT,DREAMCAST,Wow Entertainment,SEGA,"Race, Driving",0.8,,
Sega Rally 2,MODEL3,SEGA,SEGA,"Race, Driving / Race 3rd Pers. view",0.9,,
Sega Rally Championship,SATURN,SEGA,SEGA,"Race, Driving",0.8,,
Sega Rally Revo,PSP,Bugbear Entertainment,SEGA,"Racing, Driving",0.8,,
Sega Touring Car Championship,SATURN,CSK,SEGA,"Race, Driving",0.7,,
Sengoku,FBNEO,SNK,SNK,Fight / Versus,0.5,,
Sengoku,NEOGEO,SNK,SNK,Fight / Versus,0.5,,
Sengoku 2,NEOGEO,SNK,SNK,Fight / 2D,0.7,,
Sengoku 3,FBNEO,Noise Factory,SNK,"Beat'em Up, Fight / 2D, Fight",0.8,,
Sengoku 3,NEOGEO,Noise Factory,SNK,Fight / 2D,0.8,,
Sensible Soccer : International Edition,JAGUAR,Renegade Software,Telegames,"Sports / Soccer, Sports",0.4,,
Sensible Soccer : International Edition,MEGADRIVE,Renegade Software,Sensible Software,"Sports, Sports / Soccer",0.6,,
Sesame Street : Big Bird's Hide & Speak,NES,Riedel Software Productions,Hi-Tec Software,Educational,0.4,,
Sesame Street ABC,NES,Zippo Games,Hi-Tec Software,Educational,0.4,,
Sesame Street ABC & 123,NES,Zippo Games,Hi-Tec Software,Educational,0.45,,
Sesame Street Countdown,NES,Riedel Software Productions,Hi-Tec Software,Educational,0.4,,
Sesame Street Sports,GBC,Bonsai Entertainment,SesameWorkshop,Sports / Multisports,,,
Sewer Sam,COLECOVISION,Interphase Technologies,Interphase Technologies,Action,,,
Sgt. Rock : On the Frontline,GBC,Altron,Bam Entertainment,Shooter,0.75,,
Shadow Dancer,FBNEO,SEGA,SEGA,Platform / Fighter Scrolling,0.8,,
Shadow Dancer,MASTERSYSTEM,SEGA,SEGA,Beat'em Up,0.6,,
Shadow Dancer : The Secret of Shinobi,MEGADRIVE,SEGA,SEGA,"Beat'em Up, Action, Platform",0.8,,
Shadow Force,FBNEO,Technos Japan,Tecmo,Fight / 2.5D,0.7,,
Shadow of the Beast II,MEGADRIVE,Reflections Interactive Limited,Electronic Arts,"Action, Platform",0.4,,
Shadow Squadron,SEGA32X,SEGA,SEGA,Shoot'em Up,0.75,,
Shadowrun,MEGADRIVE,Sky Fallen,SEGA,Role playing games,0.75,,
Shadowrun,SNES,Data East,Beam Software,Role playing games,0.75,,
Shanghai - The Great Wall / Shanghai Triple Threat,SEGASTV,Activision,Sunsoft,Asiatic board game / Mahjong,0.7,,
Shanghai Karate,ZXSPECTRUM,,Players Software,Action,,,
Shaun Palmer's Pro Snowboarder,GBC,ITL,Activision,Sports / Skiing,,,
Shenmue,DREAMCAST,SEGA AM2,SEGA,Adventure / RealTime 3D,0.8,,
Shienryu,SEGASTV,Warashi,Warashi,Shoot'em up / Vertical,0.65,,
"Shiiion, SirMangler",FLATPAK,,,,,,
Shin Megami Tensei : Persona,PSP,ITL,Atlus,Role Playing Game / Japanese RPG,0.6,,
Shin Megami Tensei : Persona 3 Portable,PSP,Atlus,Atlus,Role Playing Game,0.9,,
Shining Force,MEGADRIVE,Climax Studios,SEGA,"Role Playing Games, Strategy, Tactical Rpg",0.6,,
Shining Force CD,SEGACD,Sonic! Software Planning,SEGA,Role playing games / Tactical RPG,0.8,,
Shining Force II,MEGADRIVE,Camelot Software,SEGA,"Role Playing Games, Tactical Rpg",0.8,,
Shinobi,FBNEO,SEGA,SEGA,"Platform / Fighter Scrolling, Platform",0.8,,
Shinobi,MASTERSYSTEM,SEGA,SEGA,"Platform, Beat'em Up",0.8,,
Shinobi,PCENGINE,Asmik,SEGA,"Action, Platform, Beat'em Up",0.8,,
Shinobi,ZXSPECTRUM,SEGA,Virgin,Action,,,
Shinobi III : Return of the Ninja Master,MEGADRIVE,Megasoft,SEGA,Platform,0.8,,
Shinobi Legions,SATURN,SEGA,SEGA,Action,0.85,,
Shock Troopers,FBNEO,Saurus,SNK,Shooter / Run and Gun,0.8,,
Shock Troopers,NEOGEO,Saurus,SNK,Shooter / Run and Gun,0.8,,
Shock Troopers : 2nd Squad,FBNEO,Saurus,SNK,"Shoot'em Up, Shooter / Run And Gun, Shooter",0.6,,
Shock Troopers : 2nd Squad,NEOGEO,Saurus,SNK,Shooter / Run and Gun,0.75,,
Shockway Rider,ZXSPECTRUM,Carter Follis Software Associates,FTL - Faster Than Light,Action,0.75,,
Short Circuit,ZXSPECTRUM,Ocean,Ocean,Adventure,,,
Shrek : Swamp Kart Speedway,GBA,Prolific,TDK,"Race, Driving",0.45,,
Side Arms - Hyper Dyne,FBNEO,Capcom,Capcom,Shoot'em up / Horizontal,0.7,,
Side Pocket,NES,Data East,Data East,"Sports, Sports / Pool",0.2,,
SideArms,PCENGINE,Capcom,Radiance Software,"Shoot'em Up, Action, Shoot'em Up / Horizontal",0.6,,
Sigma 7,ZXSPECTRUM,"Mike A. Richardson, Julian Breeze, Jane Richardson",Durell Software,Action,,,
Silent Debuggers,PCENGINE,Data East,NEC,Shooter / 1st person,0.8,,
Silent Dragon,FBNEO,Taito,Taito,Fight / 2.5D,0.5,,
Silent Hill : Shattered Memories,PS2,Climax,Konami,Adventure / Survival Horror,0.7,,
Silent Hill (USA),PSX,Team Silent,Konami,"Adventure / Survival Horror, Adventure, Action",0.8,,
Silent Hill 2,PS2,KCET,Konami,Adventure / Survival Horror,0.9,,
Silent Hill 3,PS2,KCET,Konami,Adventure / Survival Horror,0.9,,
Silent Hill 4 : The Room,PS2,Konami,Konami,Adventure / Survival Horror,0.8,,
Silent Hill Origins,PS2,Climax,Konami,Adventure / Survival Horror,0.8,,
Silent Scope,DREAMCAST,Konami Computer Entertainment Studios,Konami,Lightgun Shooter,0.6,,
Silkworm,ZXSPECTRUM,Tecmo,Virgin,Action,0.35,,
Silpheed,SEGACD,Game Arts,SEGA,Shoot'em Up,0.7,,
Sim City,ZXSPECTRUM,Maxis Software,Erbe Software,Simulation,0.65,,
Sir Lancelot,COLECOVISION,Xonox,Xonox,Action,0.2,,
Sir Lancelot,ZXSPECTRUM,Studio B Ltd.,Melbourne House,Action,,,
Skate or Die : Tour de Thrash,GB,Electronic Arts,Electronic Arts,Sports / Skateboard,0.5,,
Ski Champ,MODEL3,SEGA,SEGA,Sports / Skiing,0.65,,
Skies of Arcadia,DREAMCAST,,,,,,
Skies of Arcadia Legends,GAMECUBE,Overworks,SEGA,Role Playing Game,0.95,,
Skiing,COLECOVISION,Telegames,Telegames,Sports,,,
Skool Daze,ZXSPECTRUM,Microsphere Computer Services Ltd.,Microsphere Computer Services Ltd.,Adventure,0.8,,
Sky Challenger,SEGASTV,SEGA,SEGA,"Race, Driving / Plane",0.7,,
Sky Kid,FBNEO,Namco,Namco,Shoot'em up / Horizontal,0.7,,
Sky Shark,FBNEO,Toaplan,Taito,Shoot'em up / Vertical,0.5,,
Skyhammer,JAGUAR,Rebellion,Songbird Productions,Lightgun Shooter,0.8,,
Slap Fight,ZXSPECTRUM,Probe Software Ltd.,Imagine Software,Shoot'em Up,,,
Slap Shot,FBNEO,Taito,Taito,Sports / Hockey,0.5,,
Slap Shot,MASTERSYSTEM,Sims,SEGA,"Sports, Sports / Hockey",0.6,,
Slither,COLECOVISION,Coleco,Coleco,Action,,,
Slurpy,COLECOVISION,Emag,Xonox,Action,0.7,,
Sly 2 : Band of Thieves,PS2,Sucker Punch Productions,Sony Computer Entertainment,Platform,0.9,,
Sly 3 : Honor Among Thieves,PS2,Sucker Punch Productions,Sony Computer Entertainment,Platform,0.9,,
Sly Cooper and the Thievius Raccoonus,PS2,Sucker Punch Productions,Sony Computer Entertainment,Platform,0.85,,
Small Soldiers,GB,Tiertex,THQ,Platform,0.65,,
Smash T.V.,NES,Williams,Acclaim,"Shooter, Shoot'em Up",0.6,,
Smash Tennis,SNES,Namco,Namco,Sports / Tennis,0.85,,
Smash TV,ZXSPECTRUM,Williams,Ocean,Action,0.8,,
Smurf Rescue in Gargamel's Castle,COLECOVISION,"Coleco Industries, Inc.","Coleco Industries, Inc.",Action,0.6,,
Smurf: Paint 'n' Play Workshop,COLECOVISION,Coleco,Coleco,Educational,0.85,,
Snare!,ZXSPECTRUM,,Beyond Belief,,,,
Snatcher,SEGACD,Konami,Konami,Adventure,0.8,,
Snoopy: The Cool Computer Game,ZXSPECTRUM,"Edge, The","Edge, The",Adventure,0.4,,
Snow Bros. - Nick & Tom,FBNEO,Toaplan,Toaplan,Platform / Run Jump,0.9,,
Snow Bros. 2 : With New Elves,FBNEO,Toaplan,Hanafram,Platform / Run Jump,0.8,,
Snow Bros. Nick & Tom,MEGADRIVE,Toaplan,Tengen,Action,0.75,,
Snowboard Kids 2,N64,Racdym,Atlus,"Sports / Skiing, Race, Driving, Sports",0.8,,
Soccer Brawl,FBNEO,SNK,SNK,Sports / Soccer,0.8,,
Soccer Brawl,NEOGEO,SNK,SNK,Sports / Soccer,0.8,,
Soccer Challenge,ZXSPECTRUM,"Enigma Variations Ltd, David Bland",Alternative Software,Action,,,
Soccer Kid,JAGUAR,Krisalis Software,Songbird Productions,Platform,0.6,,
Sol Divide: Sword of Darkness,FBNEO,Psikyo,Psikyo,Shoot'em up / Horizontal,0.7,,
Sol-Feace,SEGACD,Wolf Team,SEGA,Shoot'em up / Horizontal,0.7,,
Solar Jetman : Hunt for the Golden Warpship,NES,Rareware,Nintendo,Shooter,0.6,,
Solar Warrior,FBNEO,Technos Japan,Technos Japan,Platform / Shooter Scrolling,0.7,,
Soldier Blade,PCENGINE,Hudson,Hudson,"Shoot'em Up, Shoot'em Up / Vertical",0.6,,
Soldier of Fortune,ZXSPECTRUM,Graftgold,Firebird Software,Action,,,
Solomon's Key,ZXSPECTRUM,Tecmo,U.S. Gold,Strategy,0.6,,
Sonic & Knuckles,MEGADRIVE,SEGA,SEGA,Platform,0.8,,
Sonic 3D Blast,SATURN,Travellers Tales,SEGA,Platform,0.65,,
Sonic Advance,GBA,Sonic Team,SEGA,Platform,0.8,,
Sonic Adventure 2 Battle,GAMECUBE,SEGA,Infogrames,Platform,0.9,,
Sonic Adventure DX : Director's Cut,GAMECUBE,Sonic Team,SEGA,Platform,0.8,,
Sonic CD,SONICRETRO,Sega,Sega,Platform,0,,
Sonic Chaos,MASTERSYSTEM,Aspect,SEGA,Platform,0.7,,
Sonic Jam,SATURN,SEGA,SEGA,Compilation,0.85,,
Sonic Mania,SONIC-MANIA,"Cristian Whitehead, Headcanon, PagodaWest Games",Sega,Platform,,,
Sonic Pinball Party,GBA,Sonic Team,SEGA,Pinball,0.6,,
Sonic R,SATURN,SEGA,SEGA,"Race, Driving",0.75,,
Sonic the Hedgehog,MASTERSYSTEM,Ancient,SEGA,Platform,0.6,,
Sonic The Hedgehog,MEGADRIVE,SEGA,SEGA,"Platform, Action",0.8,,
Sonic the Hedgehog,SONICRETRO,Sega,Sega,,0,,
Sonic The Hedgehog 2,MASTERSYSTEM,Aspect,SEGA,Platform,0.6,,
Sonic The Hedgehog 2,MEGADRIVE,SEGA,SEGA,"Platform, Action",0.8,,
Sonic The Hedgehog 2,SONICRETRO,Sega,Sega,,0,,
Sonic The Hedgehog 3,MEGADRIVE,Sonic Team,SEGA,"Platform, Action",0.8,,
Sonic the Hedgehog CD,SEGACD,Sonic Team,SEGA,Platform,0.8,,
Sonic Unleashed,FLATPAK,Sonic Team,Sega,"Action, Adventure, Platform",,,
Sonic Wings Special,SATURN,Video System,Media Quest,Shoot'em Up,0.4,,
Sorcer Striker,FBNEO,Raizing,Raizing,Shoot'em up / Vertical,0.7,,
Soukyugurentai / Terra Diver,SEGASTV,Raizing,Raizing,Shoot'em up / Vertical,0.7,,
Soul Star,SEGACD,Core Design,Core Design,Shoot'em Up,0.85,,
SoulCalibur,DREAMCAST,Namco,Namco,Fight,0.8,,
SoulCalibur : Broken Destiny,PSP,Bandai Namco,Ubisoft,Fighting / 3D,0.75,,
SoulCalibur II,GAMECUBE,Namco,Namco,Fighting / 3D,0.8,,
Soulcalibur III,PS2,Namco,Namco,Fighting / 3D,0.9,,
Space Channel 5,DREAMCAST,SEGA,SEGA,Music And Dance,0.8,,
Space Fury,COLECOVISION,SEGA,Coleco,Action,0.75,,
Space Gun,MASTERSYSTEM,Cream,Taito,Lightgun Shooter,0.6,,
Space Harrier,FBNEO,SEGA AM2,SEGA,Shooter / 3rd person,0.8,,
Space Harrier,SEGA32X,SEGA,SEGA,Shooter / 3rd person,0.7,,
Space Invaders,GB,Taito,Nintendo,Shooter / Space Invaders Like,0.7,,
Space Invaders - Virtual Collection,VIRTUALBOY,Taito,Taito,Shooter / Space Invaders Like,,,
Space Invaders / Space Invaders M,FBNEO,Taito,Taito,"Shooter / Space Invaders Like, Shooter",0.8,,
Space Invaders DX,FBNEO,Taito,Taito,Shooter / Space Invaders Like,0.9,,
Space Megaforce,SNES,Compile,Toho,Shoot'em Up,0.95,,
Space Panic,COLECOVISION,Universal,Coleco,Platform / Run Jump,0.75,,
Space Raiders,ZXSPECTRUM,Psion Software Ltd.,Sinclair Research,Action,,,
Space Twins,GBA,9wires,9wires,Puzzle-Game,,,
Spanky's Quest,GB,Natsume,Natsume,Platform / Run Jump,0.75,,
Sparkster,MEGADRIVE,Konami,Konami,"Platform, Action",0.6,,
Spawn : In the Demon's Hand,DREAMCAST,Capcom,Eidos Interactive,"Beat'em Up, Action / Adventure, Action",0.8,,
Special Criminal Investigation,PCENGINE,Taito,Taito,Action,0.8,,
Spectron,COLECOVISION,Spectravideo,Spectravideo,Shooter / Space Invaders Like,,,
Speed Spin,FBNEO,TCH,TCH,Sports / Table tennis,0.7,,
Speedball 2 Evolution,PSP,Tower,Vivid Games,Sports,0.55,,
Speedboat Assassin,ZXSPECTRUM,Binary Design,Virgin,"Race, Driving",,,
Spellbound,ZXSPECTRUM,Mastertronic,Mastertronic Added Dimension,Role playing games,,,
Spelunker,FBNEO,Irem,Irem,Platform / Run Jump Scrolling,0.7,,
Spider-Man,DREAMCAST,Neversoft Entertainment,Activision,Action,0.8,,
Spider-Man,MASTERSYSTEM,Technopop,SEGA,Platform,0.8,,
Spider-Man,SNES,Western Technologies,LJN,Action,0.85,,
Spider-Man (USA),PSX,Activision,Neversoft,Action,0.8,,
Spider-Man & Venom : Maximum Carnage,MEGADRIVE,Software Creations,Acclaim,Beat'em Up,0.6,,
Spider-Man & Venom : Maximum Carnage,SNES,Software Creations,LJN,Beat'em Up,0.65,,
Spider-Man 2,PSP,Vicarious Visions,Activision,Action,0.65,,
Spider-Man: The Videogame,FBNEO,SEGA,SEGA,Platform / Fighter Scrolling,0.7,,
Spikeout: Digital Battle Online,MODEL3,SEGA,SEGA,Beat'em Up,0.8,,
Spikeout: Final Edition,MODEL3,SEGA,SEGA,Fight / 3D,0.8,,
Spin Master,FBNEO,Data East,Data East,Platform / Shooter Scrolling,0.65,,
Spin Master,NEOGEO,Data East,Data East,Platform / Shooter Scrolling,0.65,,
Splat!,ZXSPECTRUM,Incentive Software Ltd.,Incentive Software Ltd.,Action,0.8,,
Splatter House,FBNEO,Namco,Namco,Fight / 2D,0.7,,
Splatterhouse,PCENGINE,Namco,NEC,"Beat'em Up, Action",0.6,,
Spongebob Squarepants : Creature From The Krusty Krab,GBA,Wayforward,THQ,Platform,0.65,,
SpongeBob SquarePants : Revenge of the Flying Dutchman,GBA,Vicarious Visions,THQ,Action / Adventure,0.6,,
Spongebob Squarepants : Supersponge,GBA,Climax,THQ,Platform,0.65,,
Sports Illustrated for Kids : The Ultimate Triple Dare!,GB,Halestorm,Malibu Games,Sports / Extreme,0.5,,
Spy Hunter,COLECOVISION,Bally Midway,Coleco,"Race, Driving",0.35,,
Spy Muppets : License to Croak,GBA,Vicarious Vision,TDK,Casual Game,0.55,,
Spy vs Spy,ZXSPECTRUM,First Star Software,Beyond - Challenging Software,Strategy,0.9,,
Spy vs Spy : Operation Boobytrap,GB,First Star Software,Kemco,Strategy,0.65,,
Spy vs Spy II - The Island Caper,ZXSPECTRUM,First Star Software,Databyte,Action,,,
Spy vs Spy III - Arctic Antics,ZXSPECTRUM,First Star Software,Databyte,Strategy,,,
"Spyro : Year of the Dragon (Europe,USA)",PSX,Insomniac Games,Sony,Platform,0.8,,
Spyro 2 : Ripto's Rage! (USA),PSX,Insomniac Games,Sony Computer Entertainment,Platform,0.8,,
Spyro the Dragon (USA),PSX,Insomniac Games,Sony Computer Entertainment,Platform,0.8,,
Spyro: Enter the Dragonfly,GAMECUBE,Check Six,Universal,Platform,0.65,,
Squish'em Featuring Sam,COLECOVISION,Sirius,Sirius,Action,,,
SSX 3,GAMECUBE,EA Sports,Electronic Arts,Sports / Skiing,0.7,,
SSX Tricky,GBA,Visual Impact,EA Sports BIG,Sports / Extreme,0.6,,
Stack-Up,NES,Nintendo,Nintendo,Educational,0.4,,
Stainless Steel,ZXSPECTRUM,"David Perry, Nick Jones, Neil Strudwick",Mikro-gen,Action,,,
Stakes Winner,NEOGEO,Saurus,SNK,Sports with Animals / Horses race,0.7,,
Stakes Winner 2,FBNEO,Saurus,SNK,Sports with Animals / Horses race,0.55,,
Stakes Winner 2,NEOGEO,Saurus,SNK,Sports with Animals / Horses race,0.55,,
Star Control,ZXSPECTRUM,Toys For Bob,Accolade,Strategy,0.7,,
Star Fox,SNES,Nintendo,Nintendo,Shoot'em Up,0.8,,
Star Fox : Assault,GAMECUBE,Namco,Nintendo,Shooter / TPV,0.8,,
Star Fox 64,N64,Nintendo,Nintendo,"Shoot'em Up, Action",0.8,,
Star Fox Adventures,GAMECUBE,Rareware,Nintendo,Adventure,0.9,,
Star Hawk,GB,NMS Software,Accolade,Shoot'em up / Horizontal,0.7,,
Star Ocean : The Second Story (USA),PSX,Tri-Ace,Sony Computer Entertainment,Role Playing Game,0.8,,
Star Pilot,ZXSPECTRUM,,Firebird,,,,
Star Soldier : Vanishing Earth,N64,Hudson,Electro Brain Corp.,"Shoot'em Up / Vertical, Shooter, Shoot'em Up",0.6,,
"Star Trek, Starfleet Academy : Starship Bridge Simulator",SEGA32X,High Voltage,SEGA,Simulation / SciFi,0.7,,
Star Trek: Strategic Operations Simulator,COLECOVISION,SEGA,"Coleco Industries, Inc.",Action,,,
Star Wars : Episode I Racer,DREAMCAST,Lucasarts,Lucasarts,"Race, Driving",0.8,,
Star Wars : Jedi Knight II : Jedi Outcast,GAMECUBE,Raven Software,Activision,Shooter / FPV,0.8,,
Star Wars : Rebel Assault,SEGACD,LucasArts,JVC,Shoot'em Up,0.6,,
Star Wars : Rogue Squadron,N64,Factor 5,Nintendo,Shooter,0.8,,
Star Wars : Rogue Squadron II : Rogue Leader,GAMECUBE,LucasArts,Factor 5,Simulation,0.85,,
Star Wars : Shadows of the Empire,N64,Lucasarts,Nintendo,"Shooter / 3Rd Person, Shooter",0.8,,
Star Wars : The Arcade Game,COLECOVISION,Imagic,Parker Brothers,"Shooter / Plane, 1st person",0.65,,
Star Wars Arcade,SEGA32X,LucasArts,SEGA,"Shooter / Vehicle, 1st person",0.95,,
Star Wars Episode I : Racer,N64,Lucasarts,Lucasarts,"Race, Driving",0.8,,
Star Wars Trilogy Arcade,MODEL3,SEGA,SEGA,Shoot'em Up,0.8,,
Starquake,ZXSPECTRUM,Bubble Bus Software,Zafiro,Action,1,,
Stealth ATF,NES,Imagineer,Nintendo,Simulation,0.4,,
Steam,STEAM,,,,,,
Steel Eagle,ZXSPECTRUM,Simon Hobbs,Players Premier Software,Shoot'em Up,,,
Steep Slope Sliders,SEGASTV,Capcom,Capcom,Sports / Skiing,0.6,,
Stone Ball,FBNEO,Art & Magic,Art & Magic,Sports / Soccer,0.9,,
Storm Blade,FBNEO,Visco,Visco,Shoot'em up / Vertical,0.7,,
Stormbringer,ZXSPECTRUM,Mastertronic,Mastertronic Added Dimension,Adventure,,,
Stormlord,MEGADRIVE,Punk Development,Razor Soft,"Platform, Action",0.4,,
Stormlord,ZXSPECTRUM,Hewson,Hewson,Action,0.75,,
Strangeloop,ZXSPECTRUM,Virgin,Virgin,Adventure,,,
Street Fighter,FBNEO,Capcom,Capcom,Fight / Versus,0.9,,
Street Fighter Alpha : Warriors' Dreams,FBNEO,Capcom,Capcom,"Fight / Versus, Fight",0.6,,
Street Fighter Alpha : Warriors' Dreams,SATURN,Capcom,Capcom,Fight / 2D,0.8,,
Street Fighter Alpha 2,FBNEO,Capcom,Capcom,"Fight, Fight / Versus",0.6,,
Street Fighter Alpha 2,SATURN,Capcom,Capcom,Action,0.75,,
Street Fighter Alpha 3,DREAMCAST,Capcom,Virgin Interactive,Fight,0.8,,
Street Fighter Alpha 3,FBNEO,Capcom,Capcom,Fight / Versus,0.85,,
Street Fighter Alpha 3 Max,PSP,Capcom,Capcom,Action,0.8,,
Street Fighter II,SNES,Capcom,Capcom,Fight,0.8,,
Street Fighter II : The World Warrior,FBNEO,Capcom,Capcom,Fight / Versus,0.85,,
Street Fighter II Turbo,SNES,Capcom,Capcom,Fight,0.95,,
Street Fighter II' - Champion Edition,PCENGINE,Capcom,NEC,Fight,0.8,,
Street Fighter II' : Champion Edition,FBNEO,Capcom,Capcom,Fight / Versus,0.9,,
Street Fighter II' : Hyper Fighting,FBNEO,Capcom,Capcom,Fight / Versus,0.85,,
Street Fighter III : 3rd Strike,DREAMCAST,Capcom,Virgin Interactive,Fight,0.8,,
Street Fighter III : Double Impact,DREAMCAST,Capcom,Virgin Interactive,Fight,0.6,,
Street Fighter III : New Generation,FBNEO,Capcom,Capcom,"Fight, Fight / Versus",0.8,,
Street Fighter III 2nd Impact : Giant Attack,FBNEO,Capcom,Capcom,Fight / Versus,0.85,,
Street Fighter III 3rd Strike : Fight for the Future,FBNEO,Capcom,Capcom,"Fight, Fight / Versus",0.8,,
Street Fighter: The Movie,FBNEO,,Capcom,Fight / Versus,0.7,,
Street Hawk,ZXSPECTRUM,Ocean,Ocean,"Race, Driving",,,
Street Hoop,NEOGEO,Data East,SNK,Sports / Basketball,0.7,,
Streets of Rage,MASTERSYSTEM,Ancient,SEGA,Beat'em Up,0.6,,
Streets of Rage,MEGADRIVE,SEGA,SEGA,Beat'em Up,0.8,,
Streets Of Rage 2,MASTERSYSTEM,Japan System House,SEGA,Beat'em Up,0.5,,
Streets of Rage 2,MEGADRIVE,SEGA,SEGA,Beat'em Up,0.8,,
Streets of Rage 3,MEGADRIVE,SEGA,SEGA,"Action, Beat'em Up",0.8,,
Stress Busters,SEGASTV,SEGA,SEGA,Various,,,
Strider,FBNEO,Capcom,Capcom,Platform / Fighter Scrolling,0.85,,
Strider,ZXSPECTRUM,Capcom,U.S. Gold,Action,,,
Strider II,MASTERSYSTEM,Tiertex,U.S. Gold,"Platform, Platform / Fighter Scrolling",0.6,,
Strike Force Cobra,ZXSPECTRUM,Five Ways Software,Piranha,Strategy,,,
Strike It!,COLECOVISION,Telegames,Telegames,Action / Breakout games,,,
Strikers 1945 II,FBNEO,Psikyo,Psikyo,Shoot'em up / Vertical,0.9,,
Strikers 1945 III,FBNEO,Psikyo,Psikyo,Shoot'em up / Vertical,0.9,,
Strikers 1945 Plus,NEOGEO,Psikyo,SNK,Shoot'em up / Vertical,0.9,,
Stunt Car Racer,ZXSPECTRUM,"Geoff Crammond, Pete Cooke",Micro Style,"Race, Driving / Race",,,
Stunt Racer 64,N64,Boss Game Studios,Midway,"Race, Driving",0.6,,
Subroc,COLECOVISION,Coleco,Coleco,Shoot'em Up,,,
Suiko Enbu / Outlaws of the Lost Dynasty,SEGASTV,Data East,Data East,Fight,0.5,,
Suikoden II (USA),PSX,Konami,Konami,"Role Playing Games, Adventure",0.8,,
Summer Challenge,MEGADRIVE,Mindspan,Accolade,"Sports, Sports / Multisports",0.6,,
Sunset Riders,FBNEO,Konami,Konami,"Shooter, Shooter / Horizontal, Platform, Platform / Shooter Scrolling",0.8,,
Sunset Riders,MEGADRIVE,Konami,Konami,"Shoot'em Up, Platform, Action, Shooter",0.6,,
Sunset Riders,SNES,Konami,Konami,Shooter,0.75,,
Super Action Baseball,COLECOVISION,Coleco,Coleco,Sports / Baseball,0.7,,
Super Action Football,COLECOVISION,Coleco,Coleco,Sports / Football,,,
Super Action Soccer,COLECOVISION,Coleco,Coleco,Sports / Soccer,,,
Super Bagman,FBNEO,Valadon Automation,Valadon Automation,Platform / Run Jump,0.7,,
Super Bases Loaded 3 : License to Steal,SNES,Jaleco,Jaleco,Sports / Baseball,0.75,,
Super Battletank : War in the Gulf,GB,Imagineer,Absolute Entertainment,Simulation,0.65,,
Super Bomberman,SNES,Hudson,Hudson,Action / Labyrinth,0.8,,
Super Bomberman 2,SNES,Hudson,Hudson,Action / Labyrinth,0.8,,
Super Burnout,JAGUAR,Shen Technologies SARL,Atari,"Race, Driving",0.85,,
Super C,NES,Konami,Konami,"Shooter / Run And Gun, Shooter",0.8,,
Super Cars,ZXSPECTRUM,Magnetic Fields (Software Design) Ltd.,Gremlin Graphics Software,"Race, Driving",,,
Super Castlevania IV,SNES,Konami,Konami,Platform,0.8,,
Super Chase H.Q.,GB,ITL,Taito,"Race, Driving",0.7,,
Super Cobra,COLECOVISION,Konami,Parker Brothers,"Action, Shoot'em Up / Horizontal, Shoot'em Up",0.4,,
Super Cobra,FBNEO,Konami,Konami,Shoot'em up / Horizontal,0.8,,
Super Collapse! II,GBA,GameHouse,Majesco,Puzzle-Game,0.6,,
Super Contra,FBNEO,Konami,Konami,Shoot'em up / Horizontal,0.9,,
Super Cross Force,COLECOVISION,Spectravideo,Spectravideo,Shoot'em up / Vertical,,,
Super Dodge Ball,FBNEO,Technos Japan,Technos Japan,Sports / Dodgeball,0.5,,
Super Dodge Ball,NEOGEO,Tecmo,Tecmo,Sports / Dodgeball,0.65,,
Super Dodge Ball,NES,Million,Sony Imagesoft,"Sports, Sports / Dodgeball",0.8,,
Super Gem Fighter: Mini Mix,FBNEO,Capcom,Capcom,Fight / Versus,0.85,,
Super Ghouls'n Ghosts,GBA,Capcom,Capcom,"Platform, Platform / Fighter Scrolling",0.8,,
Super Ghouls'n Ghosts,SNES,Capcom,Capcom,Platform / Fighter Scrolling,0.8,,
Super Hang-On,ZXSPECTRUM,SEGA,Electric Dreams Software,"Race, Driving / Motorcycle",,,
Super High Impact,FBNEO,Midway,Midway,Sports / Football,0.7,,
Super Major League,SEGASTV,SEGA,SEGA,Sports / Baseball,,,
Super Mario 64,N64,Nintendo,Nintendo,Platform,0.8,,
Super Mario Advance,GBA,Nintendo,Nintendo,Platform,0.6,,
Super Mario All-Stars,SNES,Nintendo,Nintendo,Action,0.8,,
Super Mario All-Stars + Super Mario World,SNES,Nintendo,Nintendo,Platform / Run Jump Scrolling,1,,
Super Mario Bros.,NES,Nintendo,Nintendo,"Platform, Platform / Run Jump",0.8,,
Super Mario Bros. 2,NES,Nintendo,Nintendo,"Platform, Platform / Run Jump",0.8,,
Super Mario Bros. 3,NES,Nintendo,Nintendo,"Platform, Platform / Run Jump",0.8,,
Super Mario Kart,SNES,Nintendo,Nintendo,"Race, Driving / Race 3rd Pers. view",0.8,,
Super Mario Land 2 : 6 Golden Coins,GB,Nintendo,Nintendo,Platform,0.8,,
Super Mario RPG : Legend of the Seven Stars,SNES,Square Enix,Nintendo,Role playing games,0.9,,
Super Mario Strikers,GAMECUBE,Next Level Games,Nintendo,Sports / Football (Soccer),0.8,,
Super Mario Sunshine,GAMECUBE,Nintendo,Nintendo,Adventure,0.8,,
Super Mario World,SNES,Nintendo,Nintendo,Platform / Run Jump,0.85,,
Super Mario World 2 : Yoshi's Island,SNES,Nintendo,Nintendo,Platform,0.95,,
Super Metroid,SNES,Nintendo,Nintendo,Adventure,0.8,,
Super Monaco GP,MEGADRIVE,SEGA,SEGA,"Race, Driving",0.6,,
Super Monaco GP,ZXSPECTRUM,SEGA,U.S. Gold,"Race, Driving",,,
Super Monkey Ball,GAMECUBE,Amusement Vision,Infogrames,Action / Labyrinth,0.75,,
Super Monkey Ball 2,GAMECUBE,Amusement Vision,SEGA,Action / Labyrinth,0.7,,
Super Monkey Ball Jr.,GBA,Realism,SEGA,"Action / Labyrinth, Action",0.8,,
Super Off Road,MASTERSYSTEM,Graftgold,Virgin,"Race, Driving / Race 3rd Pers. view",0.6,,
Super Pang,FBNEO,Capcom,Mitchell,Shooter / 3rd person,0.9,,
Super Probotector - Alien Rebels,SNES,Konami,Konami,Shooter / Run and Gun,0.8,,
Super Punch-Out!!,SNES,Nintendo,Nintendo,Sports / Boxing,0.75,,
Super Puzzle Fighter II Turbo,FBNEO,Capcom,Capcom,Puzzle-Game / Fall,0.75,,
Super Sidekicks,NEOGEO,SNK,SNK,Sports / Soccer,0.7,,
Super Sidekicks 2 - The World Championship,NEOGEO,SNK,SNK,Sports / Soccer,0.7,,
Super Sidekicks 3 - The Next Glory,FBNEO,SNK,SNK,"Sports / Soccer, Sports",0.6,,
Super Sidekicks 3 - The Next Glory,NEOGEO,SNK,SNK,Sports / Soccer,0.7,,
Super Smash Bros.,N64,HAL Laboratory,Nintendo,Fight,0.8,,
Super Smash Bros. Melee,GAMECUBE,HAL Laboratory,Nintendo,Fighting,0.95,,
Super Smash T.v.,MASTERSYSTEM,Probe Software,Flying Edge,Shooter / Run and Gun,0.65,,
Super Smash T.V.,SNES,Williams,Acclaim,Shooter,0.9,,
Super Space Invaders,MASTERSYSTEM,The Kremlin,Domark,Shooter / Space Invaders Like,0.65,,
Super Space Invaders,ZXSPECTRUM,"The Kremlin, Andrew Taylor, Jolyon Vincent Myers, Matt Hicks",Domark,Shoot'em up / Vertical,,,
Super Space Invaders '91,FBNEO,Taito,Taito,Shoot'em up / Vertical,0.7,,
Super Spacefortress Macross,FBNEO,Banpresto,Banpresto,Shoot'em up / Vertical,0.5,,
Super Spacefortress Macross II,FBNEO,NMK,Banpresto,Shoot'em up / Horizontal,0.5,,
Super Star Soldier,PCENGINE,Inter State,Hudson,"Shoot'em Up, Action, Shoot'em Up / Vertical",0.8,,
Super Star Wars,SNES,Sculptured Software,JVC,Action,0.75,,
Super Star Wars : Return of the Jedi,GB,Realtime Associates,THQ,Platform,0.75,,
Super Star Wars : Return of the Jedi,SNES,Sculptured Software,JVC,Action,0.8,,
Super Star Wars : The Empire Strikes Back,SNES,Sculptured Software,JVC,Action,0.75,,
Super Stardust Portable,PSP,Sony,Sony,Action,0.7,,
Super Street Fighter II,MEGADRIVE,Capcom,Capcom,Fight,0.8,,
Super Street Fighter II,SNES,Capcom,Capcom,Action,0.8,,
Super Street Fighter II Turbo,FBNEO,Capcom,Capcom,"Fight, Fight / Versus",0.8,,
Super Team Games,NES,Sonata,Nintendo,Sports,,,
Super Turrican,SNES,Factor 5,Hudson,Platform / Shooter Scrolling,0.75,,
Super Volleyball,MEGADRIVE,Microforum,Video System,Sports / Volleyball,0.6,,
SuperCross 3D,JAGUAR,Tiertex,Atari,"Race, Driving",0.6,,
Supercross Freestyle,GBC,Velez & Dubail,Infogrames,"Race, Driving",0.75,,
Superman,MEGADRIVE,Sunsoft,Sunsoft,Beat'em Up,0.55,,
Superman - The Man Of Steel,MASTERSYSTEM,Graftgold,Virgin,Platform,0.2,,
Surprise Attack,FBNEO,Konami,Konami,Platform / Shooter Scrolling,0.6,,
SVC Chaos - SNK Vs. Capcom,FBNEO,SNK Playmore,SNK Playmore,Fight / Versus,0.9,,
SWIV,ZXSPECTRUM,SCi Games,Storm,Action,0.35,,
Syndicate,JAGUAR,Bullfrog,Ocean,Strategy,0.65,,
Syphon Filter (USA),PSX,Eidetic,989,Shooter,0.6,,
T.L.L. - Tornado Low Level,ZXSPECTRUM,Vortex Software,Vortex Software,Simulation,0.65,,
Tactics Ogre : The Knight of Lodis,GBA,Quest,Atlus,Role playing games,0.8,,
Taisen Tanto-R Sasissu!,SEGASTV,SEGA,SEGA,Compilation,0.7,,
Taito Cup Finals,FBNEO,Taito,Taito,Sports / Soccer,0.7,,
Taito Power Goal,FBNEO,Taito,Taito,Sports / Soccer,0.7,,
Tales Of Symphonia,GAMECUBE,Namco,Namco,Role Playing Game / Action RPG,0.8,,
Tank,ZXSPECTRUM,SNK,Ocean,Action,,,
Tank Wars,COLECOVISION,Telegames,Telegames,Shooter,,,
Tapper,COLECOVISION,Coleco,Coleco,Strategy,0.65,,
Tapper,FBNEO,Bally Midway,Bally Midway,Strategy,0.9,,
Tapper,ZXSPECTRUM,Bally Midway,SEGA,Sports / Table tennis,0.75,,
Target - Renegade,ZXSPECTRUM,Imagine,Erbe Software,Action,0.85,,
Tasmania Story,GB,Pony Canyon,FCI,Platform / Run Jump,0.5,,
Tatsujin,PCENGINE,Sting Entertainment,Taito,Shoot'em up / Vertical,0.6,,
Tau Ceti - Special Edition,ZXSPECTRUM,"Pete Cooke, Chris Newcombe",CRL Group,Simulation,1,,
Taz-Mania,MASTERSYSTEM,SEGA,SEGA,Platform,0.6,,
Taz-Mania,MEGADRIVE,SEGA,SEGA,Platform,0.7,,
Taz-Mania,SNES,Visual Concepts,Sunsoft,Action,0.75,,
Team Buddies (USA),PSX,Psygnosis,Midway,Strategy,0.8,,
Tech Deck Skateboarding,GBC,Handheld Games,Activision,Sports / Skateboard,0.7,,
Technical Bowling,SEGASTV,SEGA,SEGA,Sports / Bowling,0.4,,
Tecmo Bowl,FBNEO,Tecmo,Tecmo,Sports / Football,0.9,,
Tecmo Bowl,NES,Tecmo,Tecmo,"Sports, Sports / Football",0.6,,
Tecmo Super Bowl,NES,Tecmo,Tecmo,"Sports, Sports / Football",0.6,,
Tecmo World Cup '98,SEGASTV,Tecmo,Tecmo,Sports / Soccer,0.7,,
Tecmo World Soccer '96,NEOGEO,Tecmo,SNK,Sports / Soccer,0.7,,
Tecmo World Soccer '96,SEGASTV,Tecmo,SNK,Sports / Soccer,0.7,,
Tecmo World Wrestling,NES,Tecmo,Tecmo,"Sports, Sports / Wrestling",0.8,,
Teddy Boy,MASTERSYSTEM,SEGA,SEGA,Platform,0.6,,
Teddyboy Blues,FBNEO,SEGA,SEGA,Shooter,0.7,,
Teenage Mutant Hero Turtles,ZXSPECTRUM,Probe Software,Image Works,Platform,0.75,,
Teenage Mutant Ninja Turtles,FBNEO,Konami,Konami,Beat'em Up,0.8,,
Teenage Mutant Ninja Turtles,GBA,Konami,Konami,Beat'em Up,0.75,,
Teenage Mutant Ninja Turtles - Shredder's Re-Revenge (v1.0),MEGADRIVE,,,,0,,
Teenage Mutant Ninja Turtles : The Hyperstone Heist,MEGADRIVE,Konami,Konami,Beat'em Up,0.6,,
Teenage Mutant Ninja Turtles II : The Arcade Game,NES,Konami,Konami,Beat'em Up,0.8,,
Teenage Mutant Ninja Turtles IV : Turtles in Time,SNES,Konami,Konami,Beat'em Up,0.85,,
Teenage Mutant Ninja Turtles: Turtles in Time,FBNEO,Konami,Konami,Beat'em Up,0.9,,
Tekken (USA),PSX,Namco,Namco,Fight,0.6,,
Tekken 2 (USA),PSX,Namco,Namco,Fight,0.6,,
Tekken 3 (USA),PSX,Namco,Namco,Fight,0.8,,
Tekken 4,PS2,Namco,Sony Computer Entertainment,Fighting,0.8,,
Tekken 5,PS2,Namco,Namco,Fighting,0.85,,
Tekken 6,PSP,Bandai Namco,Bandai Namco,Fighting / 3D,0.8,,
Tekken Advance,GBA,Eighting,Infogrames,Fight,0.55,,
Teleroboxer,VIRTUALBOY,Nintendo,Nintendo,Sports / Boxing,0.7,,
Telly Turtle,COLECOVISION,Carousel Software,Coleco,Educational,,,
Tempest 2000,JAGUAR,Llamasoft,Atari,Shoot'em Up,0.8,,
Tempest X3 (USA),PSX,High Voltage,Interplay,"Shooter, Action, Shoot'em Up",0.8,,
Tempo,SEGA32X,SEGA,SEGA,Action,0.75,,
Tenchu : Stealth Assassins (USA),PSX,Acquire,Activision,"Action, Adventure, Action / Adventure",0.8,,
Tenchu 2 : Birth of the Stealth Assassins (USA),PSX,Acquire,Activision,Action,0.8,,
Tengai,FBNEO,Psikyo,Psikyo,Shoot'em up / Horizontal,0.6,,
Terminator 2 - Judgment Day,ZXSPECTRUM,LJN,Ocean,Action,,,
Terra Cresta,FBNEO,Nichibutsu,Nichibutsu,Shoot'em up / Vertical,0.7,,
Terra Cresta 2 - Mandoraa No Gyakushuu,PCENGINE,Nichibutsu,Nichibutsu,Shoot'em up / Vertical,0.75,,
Terra Force,FBNEO,Nihon Bussan,Nichibutsu,Shooter / Plane,0.7,,
Terramex,ZXSPECTRUM,Teque,Grandslam Entertainment Ltd.,Adventure,,,
Terranigma,SNES,Quintet,Enix,Action / Adventure,0.75,,
Terry Pratchett's Discworld (USA),PSX,Teeny Weeny Games,Psygnosis,Adventure,0.6,,
Tesserae,GB,Eurocom,GameTek,Puzzle-Game,0.6,,
Tetris,GB,Nintendo,Nintendo,"Puzzle-Game, Puzzle-Game / Fall",0.8,,
Tetris,NES,Nintendo,Nintendo,Puzzle-Game,0.8,,
Tetris,ZXSPECTRUM,Spectrum Holobyte,Mirrorsoft Ltd.,Puzzle-Game,0.7,,
Tetris & Dr. Mario,SNES,Nintendo,Nintendo,Puzzle-Game / Fall,0.75,,
Tetris Attack,SNES,Intelligent Systems,Nintendo,Puzzle-Game,0.8,,
Tetris Plus 2,FBNEO,Jaleco,Jaleco,Puzzle-Game / Fall,,,
Tetris The Absolute The Grand Master 2,FBNEO,Arika,Arika,Puzzle-Game / Fall,0.9,,
Thanatos,ZXSPECTRUM,,Durell Software,,,,
The	Amazing Spider-Man vs. The Kingpin,SEGACD,SEGA,SEGA,Action,,,
The Activision Decathlon,COLECOVISION,Activision,Activision,Sports / Multisports,0.75,,
The Addams Family,ZXSPECTRUM,Ocean,Erbe Software,Action,0.3,,
The Adventures of Batman & Robin,SNES,Konami,Konami,Action,0.8,,
The Amazing Spider-Man : Web of Fire,SEGA32X,BlueSky Software,SEGA,Platform / Fighter Scrolling,0.8,,
The Armageddon Man,ZXSPECTRUM,,Martech Games,Action,,,
The Bugs Bunny Crazy Castle 2,GB,Kemco,Kemco,Strategy,0.6,,
The Cliffhanger: Edward Randy,FBNEO,Data East,Data East,Fight / 2D,0.7,,
The Combatribes,FBNEO,Technos Japan,Tecmo,Fight / 2.5D,0.5,,
The Dam Busters,COLECOVISION,Coleco,Coleco,Shooter / 1st person,,,
The Death and Return of Superman,MEGADRIVE,Sunsoft,Blizzard Entertainment,Beat'em Up,0.7,,
The Death and Return of Superman,SNES,Sunsoft,Blizzard Entertainment,Action,0.65,,
The Dukes of Hazzard,COLECOVISION,"Coleco Industries, Inc.","Coleco Industries, Inc.","Race, Driving",,,
The Fairly OddParents! : Breakin' da Rules,GBA,Helixe,THQ,Platform / Shooter Scrolling,0.55,,
The Fallen Angels,FBNEO,Steel Hearts,Psikyo,Fight / Versus,0.7,,
The Firemen,SNES,Human,Human,Adventure,0.7,,
The Flintstones,ZXSPECTRUM,Teque,Grandslam Entertainment Ltd.,Action,,,
The Game Paradise - Master of Shooting!,FBNEO,Jaleco,Jaleco,Shoot'em up / Vertical,0.7,,
The Godfather : The Game,PS2,Electronic Arts,Electronic Arts,Adventure / RealTime 3D,0.85,,
The Great Escape,ZXSPECTRUM,Denton Designs,Ocean,Adventure,0.85,,
The Grinch,GBC,Konami,Konami,Puzzle-Game,0.65,,
The Guardian Legend,NES,Compile,Nintendo,Shoot'em up / Vertical,0.75,,
The Heist,COLECOVISION,"Livesay Computer Games, Inc.",Micro Fun,Action,0.8,,
The Hobbit,GBA,Saffire,Sierra,Adventure,0.8,,
The Hobbit,ZXSPECTRUM,Beam Software,Melbourne House,Sports / Running trails,0.75,,
The Immortal,NES,Sandcastle,Electronic Arts,Adventure,0.4,,
The Incredible Hulk,MEGADRIVE,U.S. Gold,Probe Software,Platform,0.65,,
The Incredible Hulk,SNES,U.S. Gold,Probe Software,Action,0.4,,
The Irem Skins Game,SNES,Irem,Irem,Sports / Golf,0.65,,
The Irritating Maze,NEOGEO,Saurus,SNK,Action / Labyrinth,0.7,,
The King of Dragons,FBNEO,Capcom,Capcom,Fight / 2.5D,0.6,,
The King of Fighters '94,FBNEO,SNK,SNK,"Fight / Versus, Fight",0.6,,
The King of Fighters '94,NEOGEO,SNK,SNK,Fight / Versus,0.75,,
The King of Fighters '95,FBNEO,SNK,SNK,Fight / Versus,0.75,,
The King of Fighters '95,NEOGEO,SNK,SNK,Fight / Versus,0.75,,
The King of Fighters '96,FBNEO,SNK,SNK,"Fight / Versus, Fight",0.8,,
The King of Fighters '96,NEOGEO,SNK,SNK,Fight / Versus,0.8,,
The King of Fighters '97,FBNEO,SNK,SNK,Fight / Versus,0.85,,
The King of Fighters '97,NEOGEO,SNK,SNK,Fight / Versus,0.85,,
The King of Fighters '98 - The Slugfest,FBNEO,SNK,SNK,Fight / Versus,0.9,,
The King of Fighters '98 - The Slugfest,NEOGEO,SNK,SNK,Fight / Versus,0.9,,
The King of Fighters '99 : Millennium Battle,FBNEO,SNK,SNK,Fight / Versus,0.9,,
The King of Fighters '99 : Millennium Battle,NEOGEO,SNK,SNK,Fight / Versus,0.9,,
The King of Fighters 2000,FBNEO,SNK,SNK,"Fight / Versus, Fight",0.8,,
The King of Fighters 2000,NEOGEO,SNK,SNK,Fight / Versus,0.8,,
The King of Fighters 2001,FBNEO,SNK,SNK,Fight / Versus,0.65,,
The King of Fighters 2001,NEOGEO,SNK,SNK,Fight / Versus,0.65,,
The King of Fighters 2002,FBNEO,SNK,SNK,Fight / Versus,0.8,,
The King of Fighters 2002,NEOGEO,SNK,SNK,Fight / Versus,0.8,,
The King of Fighters 2003,FBNEO,SNK,SNK,Fight / Versus,0.7,,
The King of Fighters 2003,NEOGEO,SNK,SNK,Fight / Versus,0.7,,
The King of Fighters EX : Neo Blood,GBA,Artoon,Sammy,Fight / 2D,0.85,,
The Last Blade,NEOGEO,SNK,SNK,Fight / Versus,0.7,,
The Last Blade 2,FBNEO,SNK,SNK,"Fight / Versus, Fight",0.8,,
The Last Blade 2,NEOGEO,SNK,SNK,Fight / Versus,0.85,,
The Last Blade 2 : Heart of the Samurai,DREAMCAST,SNK,SNK,Fight,0.6,,
The Legend of Dragoon (USA),PSX,Sony,Sony,Role Playing Games,0.6,,
The Legend of Silkroad,FBNEO,Unicorn Group,Unico,Fight / 2.5D,0.9,,
The Legend of the Mystical Ninja,SNES,Konami,Konami,Platform / Run Jump Scrolling,0.8,,
The Legend of Zelda,NES,Nintendo,Nintendo,Role Playing Games,0.8,,
The Legend of Zelda : A Link to the Past,SNES,Nintendo,Nintendo,Action / Adventure,0.95,,
The Legend of Zelda : A Link to the Past & Four Swords,GBA,Nintendo,Nintendo,"Adventure, Action, Role Playing Games",0.8,,
The Legend of Zelda : Four Swords Adventures,GAMECUBE,Nintendo,Nintendo,Role Playing Game,0.85,,
The Legend of Zelda : Link's Awakening,GB,Nintendo,Nintendo,Role Playing Games,0.8,,
The Legend of Zelda : Majora's Mask,N64,Nintendo,Nintendo,Role Playing Games,0.8,,
The Legend of Zelda : Ocarina of Time,N64,Nintendo,Nintendo,Role Playing Games,0.8,,
The Legend of Zelda : Ocarina of Time Master Quest,GAMECUBE,Nintendo,Nintendo,Role Playing Game,0.9,,
The Legend of Zelda : The Wind Waker,GAMECUBE,Nintendo,Nintendo,Role Playing Game,0.95,,
The Legend of Zelda : Twilight Princess,GAMECUBE,Nintendo EAD,Nintendo,Role Playing Game,0.95,,
The Legendary Axe,PCENGINE,Marvelous Interactive,NEC,Platform,0.6,,
The Legendary Axe II,PCENGINE,Atlus,NEC,"Platform, Action",0.8,,
The Light Corridor,ZXSPECTRUM,Infogrames,Infogrames,Strategy,0.75,,
The Lion King,MASTERSYSTEM,Syrox Developments,Virgin,Platform,0.75,,
The Lion King,MEGADRIVE,Westwood,Virgin Interactive,Platform,0.8,,
The Lion King,SNES,Westwood,Virgin,Action,0.75,,
The Lone Ranger,NES,Konami,Konami,Adventure,0.4,,
The Lost Vikings,SNES,Silicon & Synapse,Interplay,Platform,0.75,,
The Lost World: Jurassic Park,MODEL3,SEGA,SEGA,Shooter,0.7,,
The Lucky Dime Caper Starring Donald Duck,MASTERSYSTEM,SEGA,SEGA,Platform,0.6,,
The Magical Quest Starring Mickey Mouse,SNES,Capcom,Capcom,Action,0.8,,
The Mark of Kri,PS2,San Diego,Sony Computer Entertainment,Beat'em Up,0.75,,
The Muncher,ZXSPECTRUM,,Gremlin Graphics Software,,,,
The Muppets,GBC,Tarantula,Take 2 Interactive,Platform,0.5,,
The Mystery of the Nile,ZXSPECTRUM,Made in Spain,Zigurat,Strategy,,,
The Neverending Story,ZXSPECTRUM,Ocean,Ocean,Adventure,,,
The New Addams Family Series,GBC,7th Sense,Microïds,Adventure,0.7,,
The New Zealand Story,MASTERSYSTEM,Tecmagik,Tecmagik,Platform,0.6,,
The NewZealand Story,FBNEO,Taito,Taito,Platform / Run Jump Scrolling,0.9,,
The Ninja,MASTERSYSTEM,SEGA,SEGA,Shooter,0.6,,
The Ninja Kids,FBNEO,Taito,Taito,Fight / 2.5D,0.7,,
The Ocean Hunter,MODEL3,SEGA,SEGA,"Race, Driving / Race 1st Pers. view",0.75,,
The Outfoxies,FBNEO,Namco,Namco,Fight,0.9,,
The Pawn,ZXSPECTRUM,Magnetic Scrolls,Rainbird Software,Adventure,0.3,,
The Powerpuff Girls : Paint the Townsville Green,GBC,Sennari Interactive,Bam Entertainment,Beat'em Up,0.5,,
The Punisher,FBNEO,Capcom,Capcom,Beat'em Up,0.85,,
The Punisher,MEGADRIVE,Capcom,Capcom,"Action, Beat'em Up",0.6,,
The Quest for the Golden Eggcup,ZXSPECTRUM,,Network Adventure Games,,,,
The Quest for the Holy Grail,ZXSPECTRUM,,Mastertronic,Adventure,0.25,,
The Real Ghostbusters,FBNEO,Data East,Activision,Shooter / Run and Gun,0.6,,
The Revenge of Shinobi,MEGADRIVE,SEGA,SEGA,"Platform, Action, Platform / Fighter Scrolling",0.6,,
The Rocky Horror Show,ZXSPECTRUM,CRL Group,CRL Group,Adventure,,,
The Scorpion King : Sword of Osiris,GBA,Wayforward,Universal,Platform,0.6,,
The Sentinel,ZXSPECTRUM,Mike Follin,Firebird,Puzzle-Game,,,
The Simpsons,FBNEO,Konami,Konami,Fight / 2.5D,0.9,,
The Simpsons : Bart vs. the Space Mutants,NES,Imagineer,Acclaim,Platform,0.4,,
The Simpsons : Bart vs. the World,NES,Imagineer,Acclaim,Platform,0.45,,
The Simpsons : Hit & Run,GAMECUBE,Radical Entertainment,Universal,"Racing, Driving",0.85,,
The Simpsons : Road Rage,GBA,Altron,THQ,"Race, Driving",0.8,,
The Simpsons Itchy & Scratchy : Miniature Golf Mad,GB,Beam Software,Acclaim,Sports / Golf,0.55,,
The Simpsons: Road Rage,GAMECUBE,Radical Entertainment,Electronic Arts,"Racing, Driving",0.7,,
The Sims: Bustin' Out,GBA,Griptonite Games,EA Games,Simulation / Life,0.7,,
The Smurfs,GB,Infogrames,Infogrames,Platform,0.6,,
The Smurfs,MASTERSYSTEM,Bit Managers,Infogrames,Platform,0.8,,
The Snowman,ZXSPECTRUM,David Shea,Quicksilva,Platform,,,
The Super Spy,NEOGEO,SNK,SNK,Various,0.7,,
The Terminator,MASTERSYSTEM,Probe Software,Virgin,"Platform / Shooter Scrolling, Platform",0.4,,
The Three Stooges,GBA,Cinemaware,Metro 3D,Platform,0.65,,
The Trap Door,ZXSPECTRUM,,Piranha,Adventure,,,
The Ultimate 11: SNK Football Championship,NEOGEO,SNK,SNK,Sports / Soccer,0.7,,
The Ultimate DOOM,PRBOOM,id Software,GT Interactive,Shooter / 1st person,0.85,,
The Warriors,PS2,Rockstar Games,Take 2 Interactive,Beat'em Up,0.9,,
The Way of the Exploding Fist,ZXSPECTRUM,Beam Software,Melbourne House,Action,0.75,,
The Wild Bunch,ZXSPECTRUM,Kevin Smith,Firebird,Adventure,,,
Theme Park,JAGUAR,Bullfrog,Ocean,"Simulation, Build And Management",0.6,,
Thomas the Tank Engine & Friends,MEGADRIVE,Malibu Games,Malibu Games,"Race, Driving",,,
Thrash Rally,NEOGEO,ADK,ADK,"Race, Driving / Race",0.55,,
Three Weeks in Paradise,ZXSPECTRUM,Mikro-Gen Ltd,Mikro-Gen Ltd,Adventure,0.8,,
Threshold,COLECOVISION,Sierra,Sierra On-Line,Action,,,
Thrust,ZXSPECTRUM,"David Lowe, Simon Clarke",Firebird,Action,,,
Thrust II,ZXSPECTRUM,"Simon Clarke, Andrew Rogers, Jeremy C. Smith, J.C.G.",Firebird,Action,,,
Thunder Blade,PCENGINE,NEC,SEGA,Shoot'em Up,0.75,,
Thunder Blade,ZXSPECTRUM,SEGA,U.S. Gold,Action,0.7,,
Thunder Cross,FBNEO,Konami,Konami,Shoot'em up / Horizontal,0.6,,
Thunder Cross II,FBNEO,Konami,Konami,Shoot'em up / Horizontal,0.4,,
Thunder Dragon 2,FBNEO,Banpresto,NMK,Shoot'em up / Vertical,0.7,,
Thunder Force Gold Pack 2,SATURN,Technosoft,Technosoft,Shoot'em Up,0.7,,
Thunder Force III,MEGADRIVE,Technosoft,SEGA,"Shoot'em Up, Shoot'em Up / Horizontal",0.8,,
Thunder Heroes,FBNEO,Primetek Investments,Primetek Investments,Fight / 2.5D,0.75,,
Thunder Hoop,FBNEO,Gaelco,Gaelco,Platform / Shooter Scrolling,0.3,,
Thunder Zone,FBNEO,Data East,Data East,Shooter / Run and Gun,0.5,,
Thunderbirds,GBC,Pukka Games,SCi Games,"Race, Driving",0.6,,
Thunderbirds,NES,Pack In Video,Activision,"Shoot'em Up / Vertical, Shoot'em Up",0.4,,
ThunderCats,ZXSPECTRUM,Gargoyle Games,Elite Systems,Action,,,
Tiger Road,FBNEO,Capcom,Capcom,Platform / Fighter Scrolling,0.6,,
Timber,FBNEO,Bally Midway,Bally Midway,Platform / Run Jump,0.6,,
Time Cruise,PCENGINE,FACE,NEC,Pinball,0.6,,
Time Pilot,COLECOVISION,Konami,Coleco,Shooter / Plane,0.6,,
Time Pilot,FBNEO,Konami,Konami,Shooter,0.9,,
Time Soldiers,FBNEO,ADK,ADK,Shooter / Run and Gun,0.5,,
Time Soldiers,MASTERSYSTEM,ADK,SEGA,Adventure,0.6,,
TimeSplitters 2,GAMECUBE,Radical Software,Eidos Interactive,Shooter / FPV,0.75,,
TimeSplitters: Future Perfect,GAMECUBE,Radical Software,Electronic Arts,Shooter / FPV,0.95,,
Tiny Toon Adventures : Wacky Stackers,GBA,Warthog,Swing! Entertainment,Puzzle-Game,0.75,,
Tip Off,GB,Enigma Variations,Imagineer,Sports / Basketball,0.75,,
Tir Na Nog,ZXSPECTRUM,Gargoyle Games,Gargoyle Games,Adventure,0.85,,
TNN Outdoors Fishing Champ,GBC,Starfish,American Softworks,Hunting and Fishing / Fishing,,,
TOCA 2 Touring Car Challenge (USA),PSX,Codemasters,Codemasters,"Race, Driving",0.8,,
TOCA Championship Racing (USA),PSX,Codemasters,Codemasters,"Race, Driving",0.6,,
TOCA Race Driver 3 : The Ultimate Racing Simulator,PS2,Codemasters,Codemasters,"Racing, Driving",0.9,,
Todd McFarlane's Spawn : The Video Game,SNES,Ukiyotei,Acclaim,Platform,0.75,,
ToeJam & Earl,MEGADRIVE,SEGA,SEGA,"Platform, Action",0.6,,
Toki,FBNEO,Tad,Tad,Platform / Shooter Scrolling,0.8,,
Tom & Jerry,GBC,Morning Star Multimedia,Majesco,Platform,0.6,,
Tom and Jerry : Frantic Antics!,GB,Beam Software,Hi-Tec Software,Platform,0.65,,
Tom and Jerry : Mousehunt,GBC,Conspiracy Entertainment,Conspiracy Entertainment,Action,0.3,,
Tom Clancy's Splinter Cell,GBA,Ubisoft,Ubisoft,"Strategy, Action / Adventure, Action",0.6,,
TOMARC The Barbarian,COLECOVISION,Xonox,Xonox,Action,0.2,,
Tomb Raider : Chronicles,DREAMCAST,Core Design,Eidos Interactive,Adventure,0.75,,
Tomb Raider : The Last Revelation,DREAMCAST,Core Design,Eidos Interactive,Adventure,0.8,,
Tomb Raider (USA),PSX,Core Design,Eidos Interactive,"Platform, Adventure",0.6,,
"Tomb Raider II : Starring Lara Croft (France,USA)",PSX,Core,Eidos Interactive,"Platform, Adventure",0.8,,
Tomb Raider III : Adventures of Lara Croft (USA),PSX,Core,Eidos Interactive,"Platform, Adventure",0.8,,
Tomba! 2 : The Evil Swine Return (USA),PSX,Whoopee Camp,Sony Computer Entertainment,Platform,0.8,,
Tonic Trouble,GBC,RFX Interactive,Ubisoft,Platform,0.35,,
Tonka Construction Site,GBC,Cosmigo,TDK,Strategy,,,
Tony Hawk's Pro Skater,N64,Edge Of Reality,Activision,"Sports / Skateboard, Sports",0.6,,
Tony Hawk's Pro Skater 2,DREAMCAST,Neversoft Entertainment,Activision,"Sports / Skateboard, Sports",0.8,,
Tony Hawk's Pro Skater 4,PS2,Neversoft,Activision,Sports / Skateboard,0.9,,
Toobin',GBC,Atari,Midway,Sports / Swimming,0.45,,
Toobin',NES,Tengen,Tengen,"Shooter, Sports / Swimming, Sports",0.6,,
Toobin',ZXSPECTRUM,Atari,Domark,Sports / Swimming,,,
Toonsylvania,GBC,RFX Interactive,Ubisoft,Platform,0.55,,
Top Gear,SNES,Kemco,Gremlin Interactive,"Race, Driving",0.85,,
Top Gear 3000,SNES,Kemco,Nintendo,"Race, Driving",0.8,,
Top Gear Rally 2,N64,Saffire,Kemco,"Race, Driving",,,
Top Gun : Guts & Glory,GB,Distinctive Software,Konami,Simulation,0.5,,
Top Hunter: Roddy & Cathy,FBNEO,SNK,SNK,"Platform, Platform / Fighter Scrolling, Beat'em Up",0.6,,
Top Hunter: Roddy & Cathy,NEOGEO,SNK,SNK,Platform / Fighter Scrolling,0.7,,
Top Player's Golf,NEOGEO,SNK,SNK,Sports / Golf,0.95,,
Top Rank Tennis,GB,Pax Softnica,Nintendo,Sports / Tennis,0.65,,
Torpedo Range,GB,SETA,SETA,Shoot'em up / Vertical,0.5,,
Toshi Tensou Keikaku - Eternal City,PCENGINE,Naxat Soft,Naxat Soft,Platform / Shooter Scrolling,0.75,,
Total Carnage,JAGUAR,Midway,Songbird Productions,Shooter / Run and Gun,0.5,,
Total Eclipse 2 - The Sphinx Jinx,ZXSPECTRUM,Major Developments,Incentive Software Ltd.,Adventure,,,
Total Recall,ZXSPECTRUM,Ocean,Ocean,"Race, Driving",,,
Toughman Contest,SEGA32X,Visual Concepts,Electronic Arts,Sports / Boxing,0.5,,
Tournament Tennis,COLECOVISION,D&L Research,Imagic,Sports,,,
Towers : Lord Baniff's Deceit,GBC,JV Games,Telegames,Role playing games,0.6,,
Towers II : Plight of the Stargazer,JAGUAR,JV Games,Telegames,Role playing games,0.85,,
Toy Shop Boys,PCENGINE,Victor Entertainment,Victor Entertainment,Shoot'em up / Vertical,0.65,,
Toy Story 2,GBC,Tiertex,THQ,Platform,0.55,,
Track Meet,GB,Interplay,Interplay,Sports / Multisports,0.6,,
Trailblazer,ZXSPECTRUM,Mr Chip Software,Gremlin Graphics Software,Action,,,
Transbot,MASTERSYSTEM,SEGA,SEGA,Shoot'em Up,0.6,,
Trantor - The Last Stormtrooper,ZXSPECTRUM,Probe Software Ltd.,Go!,Action,0.8,,
Trashman,ZXSPECTRUM,New Generation Software,Microbyte,Action,0.7,,
Trax,GB,HAL Laboratory,Electro Brain,Action,0.65,,
Trevor McFur in the Crescent Galaxy,JAGUAR,Atari,Atari,Shoot'em Up,0.45,,
Trick Boarder,GBC,Natsume,Natsume,Sports / Skiing,0.75,,
Trojan,FBNEO,Capcom,Capcom,Fight / 2D,0.7,,
Trouballs,GBC,Paragon 5,Capcom,Puzzle-Game,0.75,,
Troy Aikman NFL Football,JAGUAR,Telegames,Williams,"Sports / Football, Sports",0.4,,
Truxton,FBNEO,Toaplan,Toaplan,Shoot'em up / Vertical,0.7,,
Tumble Pop,FBNEO,Data East,Data East,Platform / Run Jump,0.8,,
Turbo,COLECOVISION,SEGA,Coleco,"Race, Driving",0.8,,
Turbo Esprit,ZXSPECTRUM,Durell Software,Erbe Software,"Race, Driving",0.95,,
Turbo the Tortoise,ZXSPECTRUM,Visual Impact,Codemasters,Action,,,
Turn and Burn,GB,Imagineer,Activision,Simulation,0.45,,
Turok : Evolution,GBA,RFX Interactive,Acclaim,Shooter,0.6,,
Turok 2 : Seeds Of Evil,N64,Iguana Entertainment,Acclaim,"Shoot'em Up, Shooter / 1St Person, Shooter",0.8,,
Turok 3 : Shadow of Oblivion,N64,Acclaim,Acclaim,"Shoot'em Up, Shooter / 1St Person, Shooter",0.6,,
Tutankham,COLECOVISION,Konami,Parker Brothers,Action,0.7,,
Tutankham,FBNEO,Konami,Konami,Action / Labyrinth,0.8,,
TV Sports Hockey,PCENGINE,Cinemaware,NEC,Sports / Hockey,0.55,,
Tweety's High-Flying Adventure,GBC,Kemco,Kemco,Platform,0.75,,
Twin Cobra,FBNEO,Toaplan,Toaplan,Shoot'em up / Vertical,0.7,,
Twin Cobra II,FBNEO,Taito,Taito,Shoot'em up / Vertical,0.7,,
Twin Eagle - Revenge Joe's Brother,FBNEO,,SETA,Shoot'em up / Vertical,0.3,,
Twin Eagle II - The Rescue Mission,FBNEO,,SETA,Shoot'em up / Vertical,0.5,,
Twin Hawk,FBNEO,Taito,Taito,Shoot'em up / Vertical,0.7,,
Twinkle Star Sprites,FBNEO,ADK,SNK,"Shoot'em Up / Vertical, Shoot'em Up",0.6,,
Twinkle Star Sprites,NEOGEO,ADK,SNK,Shoot'em up / Vertical,0.65,,
Twisted Metal : Small Brawl (USA),PSX,Incognito Studios,Sony,"Shooter / Vehicle, 3Rd Person, Shooter, Fight, Race, Driving",0.8,,
Twisted Metal (USA),PSX,Sony,Sony,"Shooter / Vehicle, 3Rd Person, Shooter, Race, Driving",0.6,,
Twisted Metal 2 (USA),PSX,Sony,Sony,"Shooter, Shooter / Vehicle, 3Rd Person, Race, Driving",0.8,,
Twisted Metal 4 (USA),PSX,989 Studios,Sony,"Shooter, Shooter / Vehicle, 3Rd Person, Race, Driving",0.6,,
Twisted Metal III (USA),PSX,989 Studios,989 Studios,"Shooter, Shooter / Vehicle, 3Rd Person, Race, Driving",0.6,,
Typhoon,ZXSPECTRUM,"Steve Lamb, Alison Jeftha, Jonathan Dunn",Ocean,Shoot'em Up,,,
U-four-ia - The Saga,NES,Sunsoft,Sunsoft,Adventure,0.9,,
U.N. Squadron,FBNEO,Capcom,Capcom,Shoot'em up / Horizontal,0.7,,
U.N. Squadron,SNES,Capcom,Capcom,Action,0.75,,
U.s. Championship V'ball,FBNEO,SPS,Sharp,Sports / Volleyball,0.7,,
Ultima : Quest of the Avatar,NES,Infinity,FCI,Role Playing Games,0.8,,
Ultimate Beach Soccer,GBA,Magic Pockets,Wanadoo Edition,Sports / Soccer,0.65,,
Ultimate Brain Games,GBA,Cosmigo,Telegames,Board game,0.75,,
Ultimate Ghosts 'n Goblins,PSP,Capcom,Capcom,Action,0.8,,
Ultimate Mortal Kombat 3,FBNEO,Midway,Midway,Fight / Versus,0.9,,
Ultimate Mortal Kombat 3,MEGADRIVE,Midway,Acclaim,"Fight, Action",0.6,,
Ultimate Mortal Kombat 3,SATURN,Eurocom,GT Interactive,Action,0.7,,
Ultimate Mortal Kombat 3,SNES,Midway,Midway,Action,0.7,,
Ultimate Paint Ball,GBC,Morning Star Multimedia,Majesco,Shooter,,,
Ultimate Surfing,GBC,Natsume,Ubisoft,Sports / Water,0.4,,
Ultimate Tennis,FBNEO,Art,Art & Magic,Sports / Tennis,0.9,,
Ultra Vortek,JAGUAR,Beyond Games,Atari,Fight,0.75,,
Ultra X Weapons,FBNEO,Banpresto,Banpresto,Shoot'em up / Vertical,0.7,,
Undercover Cops,FBNEO,Irem,Irem,Beat'em Up,0.9,,
Up'n Down,COLECOVISION,SEGA,SEGA,"Race, Driving",,,
Urban Strike,GB,Foley,Black Pearl Software,Shooter,0.65,,
Uridium,ZXSPECTRUM,Graftgold,Hewson,Action,0.9,,
V-Rally : Championship Edition,GBC,Velez & Dubail,Infogrames,"Race, Driving",0.7,,
V-Tetris,VIRTUALBOY,Locomotive Corporation,Bullet Proof Software,Puzzle-Game,0.6,,
Vagrant Story (USA),PSX,Squaresoft,Squaresoft,"Action, Role Playing Games",0.8,,
Val d'Isère Skiing and Snowboarding,JAGUAR,Virtual,Atari,Sports / Skiing,0.5,,
Valkyrie Profile (USA),PSX,Tri-Ace,Enix,Role Playing Games,0.6,,
Valora Valley Golf,SATURN,T&E Soft,Vic Tokai,Sports / Golf,0.7,,
Vamf X1/2,FBNEO,Danbi,Danbi,Fight / 2.5D,0.8,,
Vampire Savior: The Lord of Vampire,FBNEO,Capcom,Capcom,Fight / Versus,0.8,,
Vanguard,FBNEO,TOSE,SNK,Shoot'em up / Horizontal,0.9,,
Vasara,FBNEO,Visco,Visco,Shoot'em up / Vertical,0.9,,
Vasara 2,FBNEO,Visco,Visco,Shoot'em up / Vertical,0.9,,
Vectorman 2,MEGADRIVE,Bluesky Software,SEGA,"Platform, Action, Platform / Shooter Scrolling",0.8,,
Vegas Games,GBC,Digital Eclipse,3DO,Casino,,,
Vegas Stakes,GB,HAL Laboratory,Playtronic,Casino,0.8,,
Vendetta,FBNEO,Konami,Konami,Beat'em Up,0.8,,
Venom & Spider-Man : Separation Anxiety,SNES,Software Creations,Acclaim,Beat'em Up,0.65,,
Venture,COLECOVISION,Exidy,Coleco,Action,0.8,,
Vertical Force,VIRTUALBOY,Hudson,Nintendo,Shoot'em up / Vertical,0.65,,
"Vib-Ribbon (Japan,Europe)",PSX,Nanaon-Sha,Sony Computer Entertainment,Platform,0.8,,
Victory,COLECOVISION,Exidy,Coleco,Action,,,
Victory Road,FBNEO,SNK,SNK,Shooter / Run and Gun,0.7,,
Viewpoint,NEOGEO,Aicom,SNK,Shoot'em up / Diagonal,0.65,,
Viewtiful Joe,GAMECUBE,Capcom,Capcom,Beat'em Up,0.8,,
Viewtiful Joe 2,GAMECUBE,Clover,Capcom,Beat'em Up,0.85,,
Vigilante,FBNEO,Irem,Irem,Platform / Fighter Scrolling,0.7,,
Vigilante 8,N64,Luxoflux,Activision,"Shoot'em Up, Race, Driving",0.8,,
Vigilante 8 : 2nd Offense,N64,Luxoflux,Activision,"Race, Driving",0.8,,
Vindicators,ZXSPECTRUM,Atari,Domark,Action,,,
Violent Storm,FBNEO,Konami,Konami,Beat'em Up,0.8,,
Viper Phase 1,FBNEO,Seibu Kaihatsu,Seibu Kaihatsu,Shoot'em up / Vertical,0.9,,
Virtua Cop,SATURN,SEGA,SEGA,Action,0.9,,
Virtua Cop 2,SATURN,SEGA,SEGA,Action,0.85,,
Virtua Fighter,SATURN,SEGA,SEGA,Fight / 3D,0.75,,
Virtua Fighter,SEGA32X,SEGA,SEGA,Fight / 3D,0.7,,
Virtua Fighter 2,SATURN,SEGA,SEGA,Fight / 3D,0.8,,
Virtua Fighter 3,MODEL3,SEGA,SEGA,Fight / 3D,0.8,,
Virtua Fighter Kids,SEGASTV,SEGA,SEGA,Fight / Versus,0.7,,
Virtua Fighter Remix,SATURN,SEGA,SEGA,Fight / 3D,0.9,,
Virtua Fighter Remix,SEGASTV,SEGA,SEGA,Fight / 3D,0.7,,
Virtua Racing,SATURN,Time Warner Interactive,Time Warner Interactive,"Race, Driving",0.7,,
Virtua Racing Deluxe,SEGA32X,SEGA,SEGA,"Race, Driving",0.75,,
Virtua Striker 2,MODEL3,SEGA,SEGA,Sports / Soccer,0.8,,
Virtua Striker 2 '98,MODEL3,SEGA,SEGA,Sports / Soccer,,,
Virtua Striker 2 '99.1,MODEL3,,SEGA,Sports / Soccer,,,
Virtual Bowling,VIRTUALBOY,Athena,Athena,Sports / Bowling,0.3,,
Virtual Boy Wario Land,VIRTUALBOY,Nintendo,Nintendo,Platform,0.9,,
Virtual Fishing,VIRTUALBOY,Locomotive Corporation,Pack In Video,Hunting and Fishing / Fishing,0.6,,
Virtual Lab,VIRTUALBOY,Nacoty,J-Wing,Puzzle-Game,0.25,,
Virtual League Baseball,VIRTUALBOY,Kemco,Kemco,Sports / Baseball,0.5,,
Virtual Mahjong,SEGASTV,,Micronet,Asiatic board game / Mahjong,,,
Virtual Mahjong 2 - My Fair Lady,SEGASTV,Micronet,Micronet,Asiatic board game / Mahjong,,,
Virtual On 2: Oratorio Tangram,MODEL3,SEGA,SEGA,Fight,0.7,,
Virtual Pool 64,N64,Celeris,Crave Entertainment,"Sports / Pool, Sports",0.6,,
Voltage Fighter Gowcaizer,NEOGEO,Technos Japan,Tecmo,Fight / Versus,0.7,,
Waku Waku 7,FBNEO,Sunsoft,SNK,"Fight, Fight / Versus",0.8,,
Waku Waku 7,NEOGEO,Sunsoft,SNK,Fight / Versus,0.9,,
Walt Disney World Quest : Magical Racing Tour,GBC,Crystal Dynamics,Activision,"Race, Driving",0.6,,
War Games,COLECOVISION,Coleco,Coleco,Strategy,1,,
War Room,COLECOVISION,Probe 2000,Probe 2000,Strategy,,,
Wardner,FBNEO,Toaplan,Toaplan,Platform / Fighter Scrolling,0.7,,
Wardner,MEGADRIVE,Mentrix Software,Toaplan,Action,0.9,,
Wario Land : Super Mario Land 3,GB,Nintendo,Nintendo,"Action, Platform / Run Jump, Platform",0.8,,
Wario World,GAMECUBE,Treasure,Nintendo,Platform,0.7,,
"WarioWare, Inc. : Mega Microgame$!",GBA,Nintendo,Nintendo,Casual Game,0.8,,
"WarioWare, Inc. : Mega Party Game$!",GAMECUBE,Nintendo,Nintendo,Casual Game,0.8,,
Warrior Blade - Rastan Saga Episode III,FBNEO,Taito,Taito,Fight / 2.5D,0.7,,
Warriors of Fate,FBNEO,Capcom,Capcom,Beat'em Up,0.6,,
Warriors of Might and Magic,GBC,Game Boy World,3DO,Role playing games / Action RPG,,,
Warriors Orochi 2,PS2,OMEGA Force,Koei,Beat'em Up,0.8,,
Water Balls,FBNEO,ABM Games,ABM Games,Puzzle-Game / Throw,0.5,,
Water Ski,FBNEO,Taito,Taito,Sports / Skiing,0.7,,
Waterworld,VIRTUALBOY,Ocean,Ocean,"Shooter / Vehicle, 3rd person",1,,
Wave Race : Blue Storm,GAMECUBE,Nintendo,Nintendo,Sports / Water,0.75,,
Wave Race 64,N64,Nintendo,Nintendo,"Race, Driving",0.8,,
Wayne Gretzky's 3D Hockey,N64,Midway,GT Interactive,"Sports, Sports / Hockey",0.8,,
WCW nWo Revenge,N64,AKI Corporation,THQ,"Fight, Sports, Sports / Wrestling",0.6,,
WCW vs. nWo World Tour,N64,AKI Corporation,THQ,"Fight, Sports / Wrestling, Sports",0.8,,
We Love Katamari,PS2,Namco,Electronic Arts,Puzzle,0.85,,
WEC Le Mans,ZXSPECTRUM,Coreland,Imagine Software,Simulation,0.6,,
Wheel of Fortune : Featuring Vanna White,NES,Imagitec Design,Gametek,"Strategy, Quiz",0.2,,
Wheelie,ZXSPECTRUM,Microsphere Computer Services Ltd.,Microsphere Computer Services Ltd.,"Race, Driving",0.6,,
Where Time Stood Still,ZXSPECTRUM,Denton Designs,Ocean,Adventure,0.85,,
White Men Can't Jump,JAGUAR,High Voltage,Atari,Sports / Basketball,0.25,,
Who Wants to Be a Millionaire : 2nd Edition,GBC,Valleycrest Productions,THQ,Quiz,,,
Wild Guns,SNES,Natsume,Titus,Shooter / 3rd person,0.85,,
Wild West C.O.W.-Boys of Moo Mesa,FBNEO,Konami,Konami,Platform / Shooter Scrolling,0.7,,
Willow,FBNEO,Capcom,Lucasfilm Games,Platform / Shooter Scrolling,0.8,,
Wimbledon II,MASTERSYSTEM,Sims,SEGA,"Sports, Sports / Tennis",0.6,,
Windjammers,FBNEO,Data East,SNK,Sports,0.7,,
Windjammers,NEOGEO,Data East,SNK,Sports,0.7,,
Wing Commander,SEGACD,Game Arts,Electronic Arts,Simulation,0.55,,
Wing War,COLECOVISION,Imagic,Imagic,Action,,,
Winter Heat,SEGASTV,SEGA,SEGA,Sports / Skiing,0.7,,
WipEout (USA),PSX,Psygnosis,Sony,"Race, Driving",0.6,,
WipEout 3 (USA),PSX,Psygnosis,Sony,"Race, Driving",0.8,,
WipEout 64,N64,Psygnosis,Midway,"Race, Driving",0.6,,
WipEout Pulse,PSP,Sony Electronic Publishing,Sony,"Racing, Driving",0.75,,
Wipeout XL (USA),PSX,Psygnosis,Psygnosis,"Race, Driving",0.8,,
Wirehead,SEGACD,The Code Monkeys,SEGA,Adventure,0.45,,
Wiz,FBNEO,Seibu Kaihatsu,Seibu Kaihatsu,Platform / Shooter Scrolling,0.5,,
Wizard Fire,FBNEO,Data East,Data East,Fight / 2.5D,0.7,,
Wizard Of Id's Wizmath,COLECOVISION,Sydney Development,Sierra On-Line,Educational,,,
Wizball,ZXSPECTRUM,Sensible Software,Ocean,Action,0.75,,
Wolfenstein 3D,ECWOLF,id Software,Apogee Software,Shooter / 1st person,0.6,,
Wolfenstein 3D,JAGUAR,Id Software,Atari,Shooter,0.6,,
Wolverine - Adamantium Rage,MEGADRIVE,Teeny Weeny Games,Acclaim,Platform,0.65,,
Wolverine : Adamantium Rage,SNES,Bits Studios,LJN,Beat'em Up,0.5,,
Wonder Boy,FBNEO,Escape,SEGA,Platform / Shooter Scrolling,0.9,,
Wonder Boy,MASTERSYSTEM,SEGA,SEGA,Platform,0.6,,
Wonder Boy III - Monster Lair,FBNEO,Westone Bit Entertainment,SEGA,Platform / Shooter Scrolling,0.8,,
Wonder Boy III : The Dragon's Trap,MASTERSYSTEM,Westone,SEGA,Platform,,,
Wonder Boy In Monster Land,FBNEO,SEGA,SEGA,Platform / Shooter Scrolling,0.8,,
Wonder Boy in Monster Land,MASTERSYSTEM,SEGA,SEGA,Platform,0.8,,
Wonder Boy In Monster Land,PCENGINE,Westone,Hudson,Action / Adventure,0.7,,
Wonder Boy In Monster World,MASTERSYSTEM,Shimada Kikaku,SEGA,Platform,0.8,,
Wonder Planet,FBNEO,Data East,Data East,Shoot'em up / Vertical,0.7,,
Word Feud,COLECOVISION,Xonox,Xonox,Educational,,,
WordZap,GB,Realtime Associates,Jaleco,Puzzle-Game,0.75,,
World Bowling,GB,Athena,Romstar,Sports / Bowling,0.55,,
World Cup Italia '90,MASTERSYSTEM,SEGA,SEGA,"Sports, Sports / Soccer",0.6,,
World Cup Usa '94,GB,Tiertex,U.S. Gold,Sports / Soccer,0.7,,
World Heroes,NEOGEO,ADK,SNK,Fight / Versus,0.8,,
World Heroes 2,NEOGEO,ADK,SNK,Fight / Versus,0.8,,
World Heroes 2 Jet,GB,Takara,Playmates Interactive,Fight / Versus,0.85,,
World Heroes 2 Jet,NEOGEO,ADK,SNK,Fight / Versus,0.6,,
World Heroes Perfect,FBNEO,ADK,SNK,Fight / Versus,0.7,,
World Heroes Perfect,NEOGEO,ADK,SNK,Fight / Versus,0.7,,
World Rally,FBNEO,Gaelco,Gaelco,"Race, Driving / Race",0.9,,
World Series Baseball Starring Deion Sanders,SEGA32X,Blue Sky Software,SEGA,Sports / Baseball,0.6,,
World Soccer,MASTERSYSTEM,SEGA,SEGA,"Sports, Sports / Soccer",0.4,,
Worms,JAGUAR,Team 17,Telegames,Strategy,0.6,,
Worms,SATURN,Team 17,Ocean,Simulation,0.8,,
Worms (USA),PSX,Team 17,Ocean,Strategy,0.6,,
Worms Armageddon (USA),PSX,Team 17,Microprose,Strategy,0.8,,
Worms World Party (USA),PSX,Team 17,Ubisoft,"Strategy, Puzzle-Game",0.6,,
Wrestling Superstars,ZXSPECTRUM,,Codemasters,Sports,,,
WWF No Mercy,N64,AKI Corporation,THQ,"Sports, Sports / Wrestling",0.6,,
WWF Raw,GB,Realtime Associates,LJN,Sports / Wrestling,0.45,,
WWF Raw,SEGA32X,Sculptured Software,Acclaim,Sports / Wrestling,0.7,,
Wwf Wrestlefest,FBNEO,Technos Japan,Tecmo,Sports / Wrestling,0.7,,
Wwf Wrestlemania - Steel Cage Challenge,MASTERSYSTEM,Teeny Weeny Games,Flying Edge,Sports / Wrestling,0.75,,
WWF WrestleMania : The Arcade Game,SEGA32X,Sculptured Software,Acclaim,Sports / Wrestling,0.7,,
WWF WrestleMania 2000,N64,AKI Corporation,THQ,"Fight, Sports / Wrestling, Sports",0.6,,
WWF: Wrestlemania,FBNEO,Midway,Midway,Sports / Wrestling,0.7,,
X Multiply,FBNEO,Irem,Irem,Shoot'em up / Horizontal,0.7,,
X-Men,FBNEO,Konami,Konami,Fight / 2.5D,0.9,,
X-Men,MEGADRIVE,Western Technologies,SEGA,Platform,0.7,,
X-Men : Children of the Atom,SATURN,Rutubo Games,Acclaim,Fight / 2D,0.85,,
X-Men : Mutant Apocalypse,SNES,Capcom,Capcom,Beat'em Up,0.7,,
X-Men 2 : Clone Wars,MEGADRIVE,Headgames,SEGA,Platform,0.9,,
X-Men Legends,GAMECUBE,Raven Software,Activision,Role Playing Game,0.8,,
X-Men Legends II : Rise of Apocalypse,PS2,Raven Software,Activision,Role Playing Game,0.85,,
X-Men vs. Street Fighter,FBNEO,Capcom,Capcom,Fight,0.8,,
X-Men: Children of the Atom,FBNEO,Capcom,Capcom,Fight / Versus,0.6,,
Xecutor,ZXSPECTRUM,Cybadyne,ACE Software,Action,0.9,,
Xenogears (USA),PSX,Squaresoft,Squaresoft,Role Playing Games,0.8,,
Xevious,FBNEO,Namco,Namco,Shoot'em up / Vertical,0.9,,
Xevious,ZXSPECTRUM,Namco,Erbe Software,Action,,,
Xexex,FBNEO,Konami,Konami,Shoot'em up / Horizontal,0.9,,
Xexyz,NES,Atlus,Hudson,Platform,0.4,,
xXx,GBA,Digital Eclipse,Activision,Platform,0.5,,
Xybots,FBNEO,Atari,Atari,Shooter / 3rd person,0.9,,
Xybots,ZXSPECTRUM,Atari,Domark,Action,0.65,,
Yatterman Plus,SEGASTV,Sega,,Medal Game / Misc.,,,
Yeti,ZXSPECTRUM,"Cybadyne, Christian F. Urquhart, Mike Smith",Destiny Software,Action,,,
Yie Ar Kung-Fu,ZXSPECTRUM,Konami,Imagine Software,Action,0.6,,
Yoshi's Story,N64,Nintendo,Nintendo,"Role Playing Games, Platform",0.6,,
Ys : The Vanished Omens,MASTERSYSTEM,SEGA,SEGA,Role Playing Games,0.6,,
Zaxxon,COLECOVISION,SEGA,Coleco,Shoot'em up / Diagonal,0.8,,
Zaxxon,FBNEO,SEGA,SEGA,Shoot'em up / Diagonal,0.9,,
Zaxxon's Motherbase 2000,SEGA32X,CSK Research Institute Corp.,SEGA,Shoot'em up / Diagonal,0.65,,
Zebco Fishing!,GBC,Vicarious Vision,Vatical Entertainment,Hunting and Fishing / Fishing,,,
Zed Blade,NEOGEO,NMK,SNK,Shoot'em up / Horizontal,0.75,,
Zen Nippon Pro-Wrestling Featuring Virtua,SEGASTV,SEGA,SEGA,Sports / Wrestling,0.7,,
Zenji,COLECOVISION,Activision,Activision,Strategy,0.7,,
Zenkoku Seifuku Bishoujo Grand Prix Find Love,SEGASTV,Daiki,Tecmo,Puzzle-Game / Glide,0.6,,
Zero 5,JAGUAR,Caspian Software,Telegames,Shoot'em Up,0.7,,
Zero Wing,FBNEO,Toaplan,Taito,Shooter / Horizontal,0.8,,
Zillion,MASTERSYSTEM,SEGA,SEGA,Platform,0.8,,
Zipang,PCENGINE,Arc System Works,Pack In Video,Puzzle-Game,0.7,,
Zombies Ate My Neighbors,MEGADRIVE,Lucasarts,Konami,"Action, Shooter",0.6,,
Zombies Ate My Neighbors,SNES,LucasArts,Konami,Shooter,0.7,,
Zone of the Enders : The 2nd Runner,PS2,Konami,Konami,,0.9,,
Zoo Keeper,FBNEO,Taito,Taito,Platform / Run Jump,0.9,,
Zool - Ninja Of The Nth Dimension,MASTERSYSTEM,Gremlin Interactive,Gremlin Interactive,Platform,0.35,,
Zool 2,JAGUAR,Gremlin Interactive,Atari,Platform,0.5,,
Zoop,GB,Hookstone,Viacom New Media,Action,0.75,,
Zoop!,JAGUAR,Electric Spectacle Productions,Atari,Puzzle-Game,0.7,,
Zorro,ZXSPECTRUM,Datasoft,U.S. Gold,Strategy,,,
Zub,ZXSPECTRUM,Binary Design,Mastertronic Added Dimension,Action,,,
Zupapa!,NEOGEO,FACE,SNK,Platform / Run Jump,0.8,,
Zzoom,ZXSPECTRUM,Imagine,Imagine Software,Action,,,